,timestamp,act_number,floor,ascension,win,character,cards_picked,cards_unpicked
0,1772835715,1,2,0,True,REGENT,['CRUSH_UNDER'],"['SOLAR_STRIKE', 'CELESTIAL_MIGHT', 'Skip Act 1']"
1,1772835715,1,4,0,True,REGENT,['KNOW_THY_PLACE'],"['GATHER_LIGHT', 'HIDDEN_CACHE', 'Skip Act 1']"
2,1772835715,1,5,0,True,REGENT,['MANIFEST_AUTHORITY'],"['GATHER_LIGHT', 'COSMIC_INDIFFERENCE', 'Skip Act 1']"
3,1772835715,1,8,0,True,REGENT,['Skip Act 1'],"['REFLECT', 'ROYAL_GAMBLE', 'COLLISION_COURSE']"
4,1772835715,1,9,0,True,REGENT,['DYING_STAR'],"['WROUGHT_IN_WAR', 'TERRAFORMING', 'Skip Act 1']"
5,1772835715,1,11,0,True,REGENT,['COSMIC_INDIFFERENCE'],"['WROUGHT_IN_WAR', 'CRUSH_UNDER', 'Skip Act 1']"
6,1772835715,1,13,0,True,REGENT,['Skip Act 1'],"['COSMIC_INDIFFERENCE', 'SUMMON_FORTH', 'REFINE_BLADE']"
7,1772835715,1,14,0,True,REGENT,['PARTICLE_WALL'],"['BLACK_HOLE', 'SUMMON_FORTH', 'Skip Act 1']"
8,1772835715,1,15,0,True,REGENT,['TYRANNY'],"['REFINE_BLADE', 'GLIMMER', 'Skip Act 1']"
9,1772835715,1,17,0,True,REGENT,['TYRANNY'],"['DYING_STAR', 'BEAT_INTO_SHAPE', 'Skip Act 1']"
10,1772835715,2,19,0,True,REGENT,['Skip Act 2'],"['BULWARK', 'REFLECT', 'CLOAK_OF_STARS']"
11,1772835715,2,20,0,True,REGENT,['Skip Act 2'],"['CLOAK_OF_STARS', 'REFINE_BLADE', 'CRUSH_UNDER']"
12,1772835715,2,21,0,True,REGENT,['GATHER_LIGHT'],"['STARDUST', 'QUASAR', 'Skip Act 2']"
13,1772835715,2,25,0,True,REGENT,['Skip Act 2'],"['REFLECT', 'QUASAR', 'PROPHESIZE+']"
14,1772835715,2,29,0,True,REGENT,['BIG_BANG'],"['RADIATE', 'MONOLOGUE', 'Skip Act 2']"
15,1772835715,2,30,0,True,REGENT,['GLOW'],"['COSMIC_INDIFFERENCE', 'REFLECT', 'Skip Act 2']"
16,1772835715,2,31,0,True,REGENT,['GLITTERSTREAM+'],"['COLLISION_COURSE+', 'PHOTON_CUT', 'Skip Act 2']"
17,1772835715,2,33,0,True,REGENT,['MAKE_IT_SO'],"['SEEKING_EDGE', 'BUNDLE_OF_JOY', 'Skip Act 2']"
18,1772835715,3,35,0,True,REGENT,['PHOTON_CUT+'],"['SUMMON_FORTH', 'GLOW', 'Skip Act 3']"
19,1772835715,3,36,0,True,REGENT,['Skip Act 3'],"['MONOLOGUE+', 'COLLISION_COURSE', 'CRESCENT_SPEAR']"
20,1772835715,3,38,0,True,REGENT,['Skip Act 3'],"['PHOTON_CUT+', 'COLLISION_COURSE', 'CRUSH_UNDER+']"
21,1772835715,3,43,0,True,REGENT,['BULWARK'],"['HIDDEN_CACHE+', 'GATHER_LIGHT', 'Skip Act 3']"
22,1772835715,3,45,0,True,REGENT,['SEEKING_EDGE'],"['HIDDEN_CACHE+', 'GLIMMER+', 'Skip Act 3']"
23,1772835715,3,46,0,True,REGENT,['KNOW_THY_PLACE+'],"['GLOW', 'GATHER_LIGHT', 'Skip Act 3']"
24,1774028284,1,2,2,False,IRONCLAD,['ANGER'],"['STONE_ARMOR', 'TWIN_STRIKE', 'Skip Act 1']"
25,1774028284,1,5,2,False,IRONCLAD,['DOMINATE'],"['IRON_WAVE', 'CINDER', 'Skip Act 1']"
26,1774028284,1,7,2,False,IRONCLAD,['HOWL_FROM_BEYOND'],"['PERFECTED_STRIKE', 'HEADBUTT', 'Skip Act 1']"
27,1774028284,1,8,2,False,IRONCLAD,['DARK_EMBRACE'],"['PERFECTED_STRIKE', 'WHIRLWIND', 'Skip Act 1']"
28,1774028284,1,12,2,False,IRONCLAD,['UPPERCUT'],"['GRAPPLE', 'CINDER', 'Skip Act 1']"
29,1774028284,1,14,2,False,IRONCLAD,['VICIOUS'],"['THUNDERCLAP', 'BLOODLETTING', 'Skip Act 1']"
30,1774028284,1,15,2,False,IRONCLAD,['SECOND_WIND'],"['BLUDGEON', 'SWORD_BOOMERANG', 'Skip Act 1']"
31,1774041997,1,1,2,False,IRONCLAD,['Skip Act 1'],['PANIC_BUTTON']
32,1774041997,1,2,2,False,IRONCLAD,['TRUE_GRIT'],"['BLOODLETTING', 'BODY_SLAM', 'Skip Act 1']"
33,1774041997,1,4,2,False,IRONCLAD,['AGGRESSION'],"['ANGER', 'BLOODLETTING', 'Skip Act 1']"
34,1774041997,1,5,2,False,IRONCLAD,['STAMPEDE'],"['RAMPAGE', 'HEMOKINESIS', 'Skip Act 1']"
35,1774041997,1,12,2,False,IRONCLAD,['INFLAME'],"['ANGER', 'TWIN_STRIKE', 'Skip Act 1']"
36,1774041997,1,14,2,False,IRONCLAD,['BATTLE_TRANCE'],"['INFLAME', 'BLUDGEON', 'Skip Act 1']"
37,1774041997,1,15,2,False,IRONCLAD,['JUGGERNAUT'],"['HOWL_FROM_BEYOND', 'MOLTEN_FIST', 'Skip Act 1']"
38,1772746891,1,1,0,False,REGENT,['CRUSH_UNDER'],"['BULWARK', 'SUMMON_FORTH', 'Skip Act 1']"
39,1772746891,1,2,0,False,REGENT,['COLLISION_COURSE'],"['PHOTON_CUT', 'GUIDING_STAR', 'Skip Act 1']"
40,1772746891,1,3,0,False,REGENT,['ORBIT'],"['GLITTERSTREAM', 'SOLAR_STRIKE', 'Skip Act 1']"
41,1772746891,1,4,0,False,REGENT,['ALIGNMENT'],"['SHINING_STRIKE', 'WROUGHT_IN_WAR', 'Skip Act 1']"
42,1772746891,1,5,0,False,REGENT,['KINGLY_PUNCH'],"['COLLISION_COURSE', 'ASTRAL_PULSE', 'Skip Act 1']"
43,1772746891,1,7,0,False,REGENT,['Skip Act 1'],"['CRESCENT_SPEAR', 'BEAT_INTO_SHAPE', 'STARDUST']"
44,1772746891,1,8,0,False,REGENT,['Skip Act 1'],"['ASTRAL_PULSE', 'KINGLY_PUNCH', 'GUIDING_STAR']"
45,1772746891,1,9,0,False,REGENT,['REFLECT'],"['KNOW_THY_PLACE', 'WROUGHT_IN_WAR', 'Skip Act 1']"
46,1772746891,1,12,0,False,REGENT,['QUASAR'],"['PARRY', 'ASTRAL_PULSE', 'Skip Act 1']"
47,1772748195,1,2,0,False,NECROBINDER,['SNAP'],"['DELAY', 'REAP', 'Skip Act 1']"
48,1772748195,1,3,0,False,NECROBINDER,['FRIENDSHIP'],"['FEAR', 'GRAVE_WARDEN', 'Skip Act 1']"
49,1772748195,1,4,0,False,NECROBINDER,['Skip Act 1'],"['BORROWED_TIME', 'CAPTURE_SPIRIT', 'DEATHS_DOOR']"
50,1772748195,1,5,0,False,NECROBINDER,['POKE'],"['FLATTEN', 'MELANCHOLY', 'Skip Act 1']"
51,1772748195,1,7,0,False,NECROBINDER,['DELAY'],"['RIGHT_HAND_HAND', 'FEAR', 'Skip Act 1']"
52,1772748195,1,11,0,False,NECROBINDER,['Skip Act 1'],"['LETHALITY', 'GRAVEBLAST', 'BONE_SHARDS']"
53,1773965489,1,2,2,False,IRONCLAD,['HEMOKINESIS'],"['SHRUG_IT_OFF', 'BODY_SLAM', 'Skip Act 1']"
54,1773965489,1,3,2,False,IRONCLAD,['FLAME_BARRIER'],"['BULLY', 'DRUM_OF_BATTLE', 'Skip Act 1']"
55,1773965489,1,5,2,False,IRONCLAD,['POMMEL_STRIKE'],"['BREAKTHROUGH', 'BLOOD_WALL', 'Skip Act 1']"
56,1773965489,1,6,2,False,IRONCLAD,['ASHEN_STRIKE'],"['EVIL_EYE', 'STOKE', 'Skip Act 1']"
57,1773965489,1,9,2,False,IRONCLAD,['ASHEN_STRIKE'],"['THUNDERCLAP', 'BLOODLETTING', 'Skip Act 1']"
58,1773965489,1,11,2,False,IRONCLAD,['POMMEL_STRIKE+'],"['RAGE', 'PILLAGE+', 'Skip Act 1']"
59,1773965489,1,12,2,False,IRONCLAD,['POMMEL_STRIKE+'],"['SETUP_STRIKE+', 'FIGHT_ME+', 'Skip Act 1']"
60,1773965489,1,14,2,False,IRONCLAD,['CINDER+'],"['PILLAGE+', 'TWIN_STRIKE+', 'Skip Act 1']"
61,1773965489,1,15,2,False,IRONCLAD,['Skip Act 1'],"['SETUP_STRIKE+', 'GRAPPLE+', 'THUNDERCLAP+']"
62,1773665988,1,2,1,False,REGENT,['GAMMA_BLAST'],"['DEVASTATE', 'ASTRAL_PULSE', 'Skip Act 1']"
63,1773665988,1,4,1,False,REGENT,['PILLAR_OF_CREATION'],"['KINGLY_PUNCH', 'SUPERMASSIVE', 'Skip Act 1']"
64,1773665988,1,5,1,False,REGENT,['Skip Act 1'],"['SOLAR_STRIKE', 'KNOW_THY_PLACE', 'RADIATE']"
65,1773665988,1,7,1,False,REGENT,['GLOW'],"['CLOAK_OF_STARS', 'KINGLY_PUNCH', 'Skip Act 1']"
66,1773665988,1,9,1,False,REGENT,['Skip Act 1'],"['GATHER_LIGHT', 'CELESTIAL_MIGHT', 'GLOW']"
67,1773665988,1,12,1,False,REGENT,['CONVERGENCE'],"['PHOTON_CUT', 'GLOW', 'Skip Act 1']"
68,1773665988,1,13,1,False,REGENT,['Skip Act 1'],"['BUNDLE_OF_JOY', 'STARDUST', 'KINGLY_PUNCH']"
69,1773665988,1,14,1,False,REGENT,['SPOILS_OF_BATTLE'],"['CONQUEROR', 'CRESCENT_SPEAR', 'Skip Act 1']"
70,1773665988,1,15,1,False,REGENT,['Skip Act 1'],"['CONQUEROR', 'CLOAK_OF_STARS', 'GLOW']"
71,1773502319,1,2,1,False,NECROBINDER,['POKE'],"['SHROUD', 'FEAR', 'Skip Act 1']"
72,1773502319,1,3,1,False,NECROBINDER,['GRAVE_WARDEN'],"['PULL_AGGRO', 'NEGATIVE_PULSE', 'Skip Act 1']"
73,1773502319,1,5,1,False,NECROBINDER,['REAVE'],"['DEATHS_DOOR', 'FLATTEN', 'Skip Act 1']"
74,1773502319,1,6,1,False,NECROBINDER,['END_OF_DAYS'],"['LETHALITY', 'SOW', 'Skip Act 1']"
75,1773502319,1,7,1,False,NECROBINDER,['Skip Act 1'],"['FEAR', 'PARSE', 'DRAIN_POWER', 'POKE', 'DEFY', 'SNAP']"
76,1773502319,1,12,1,False,NECROBINDER,['BORROWED_TIME'],"['DEFILE', 'DANSE_MACABRE', 'SNAP', 'FETCH', 'CALL_OF_THE_VOID', 'Skip Act 1']"
77,1773502319,1,13,1,False,NECROBINDER,['CLEANSE'],"['REAP', 'NEGATIVE_PULSE', 'Skip Act 1']"
78,1773502319,1,14,1,False,NECROBINDER,['SPUR'],"['SCOURGE', 'DREDGE', 'DANSE_MACABRE', 'MELANCHOLY', 'BONE_SHARDS', 'Skip Act 1']"
79,1773423616,1,2,2,False,DEFECT,['MOMENTUM_STRIKE'],"['HOLOGRAM', 'LEAP', 'Skip Act 1']"
80,1773423616,1,3,2,False,DEFECT,['CHAOS'],"['BEAM_CELL', 'LIGHTNING_ROD', 'Skip Act 1']"
81,1773423616,1,4,2,False,DEFECT,['COOLHEADED'],"['CAPACITOR', 'GLACIER', 'Skip Act 1']"
82,1773423616,1,5,2,False,DEFECT,['OVERCLOCK'],"['GUNK_UP', 'LIGHTNING_ROD', 'Skip Act 1']"
83,1773423616,1,7,2,False,DEFECT,['SHATTER'],"['SYNCHRONIZE', 'BOOST_AWAY', 'Skip Act 1']"
84,1773423616,1,8,2,False,DEFECT,['LOOP'],"['HOTFIX', 'COMPILE_DRIVER', 'Skip Act 1']"
85,1773423616,1,14,2,False,DEFECT,['COOLHEADED'],"['BEAM_CELL', 'NULL', 'Skip Act 1']"
86,1773423616,1,15,2,False,DEFECT,['CHARGE_BATTERY'],"['GLACIER', 'WHITE_NOISE', 'Skip Act 1']"
87,1773423616,1,17,2,False,DEFECT,['DEFRAGMENT'],"['SIGNAL_BOOST', 'GENETIC_ALGORITHM', 'Skip Act 1']"
88,1773423616,2,19,2,False,DEFECT,['ITERATION+'],"['GO_FOR_THE_EYES+', 'COMPILE_DRIVER', 'Skip Act 2']"
89,1773423616,2,21,2,False,DEFECT,['GLASSWORK'],"['CLAW', 'BALL_LIGHTNING', 'Skip Act 2']"
90,1773423616,2,22,2,False,DEFECT,['THUNDER+'],"['SYNTHESIS+', 'GUNK_UP', 'Skip Act 2']"
91,1774912728,1,2,4,False,IRONCLAD,['BATTLE_TRANCE'],"['THUNDERCLAP', 'WHIRLWIND', 'Skip Act 1']"
92,1774912728,1,3,4,False,IRONCLAD,['BODY_SLAM'],"['EVIL_EYE', 'TREMBLE', 'Skip Act 1']"
93,1774912728,1,4,4,False,IRONCLAD,['INFERNAL_BLADE'],"['POMMEL_STRIKE', 'TRUE_GRIT', 'Skip Act 1']"
94,1774912728,1,5,4,False,IRONCLAD,['BLOODLETTING'],"['INFLAME', 'MOLTEN_FIST', 'Skip Act 1']"
95,1774912728,1,9,4,False,IRONCLAD,['GRAPPLE'],"['SETUP_STRIKE', 'ANGER', 'Skip Act 1']"
96,1774912728,1,12,4,False,IRONCLAD,['COLOSSUS'],"['TWIN_STRIKE', 'EXPECT_A_FIGHT', 'Skip Act 1']"
97,1774912728,1,14,4,False,IRONCLAD,['BLOOD_WALL'],"['POMMEL_STRIKE', 'DRUM_OF_BATTLE', 'Skip Act 1']"
98,1774912728,1,15,4,False,IRONCLAD,['SECOND_WIND'],"['BLOODLETTING', 'AGGRESSION', 'Skip Act 1']"
99,1774912728,1,17,4,False,IRONCLAD,['HELLRAISER'],"['THRASH', 'IMPERVIOUS', 'Skip Act 1']"
100,1774912728,2,19,4,False,IRONCLAD,['RAGE'],"['CINDER', 'SHRUG_IT_OFF', 'Skip Act 2']"
101,1774912728,2,20,4,False,IRONCLAD,['MOLTEN_FIST+'],"['HEMOKINESIS+', 'STONE_ARMOR', 'STONE_ARMOR', 'Skip Act 2']"
102,1774912728,2,23,4,False,IRONCLAD,['BARRICADE'],"['TRUE_GRIT', 'ANGER+', 'Skip Act 2']"
103,1774912728,2,24,4,False,IRONCLAD,['TWIN_STRIKE'],"['BLUDGEON+', 'DRUM_OF_BATTLE', 'Skip Act 2']"
104,1774912728,2,28,4,False,IRONCLAD,['SHRUG_IT_OFF'],"['JUGGLING', 'BRAND', 'Skip Act 2']"
105,1774912728,2,30,4,False,IRONCLAD,['TRUE_GRIT+'],"['TREMBLE+', 'ARMAMENTS+', 'Skip Act 2']"
106,1774912728,2,31,4,False,IRONCLAD,['THRASH'],"['TAUNT+', 'CINDER+', 'Skip Act 2']"
107,1773167899,1,2,1,True,DEFECT,['HOTFIX'],"['BEAM_CELL', 'LEAP', 'Skip Act 1']"
108,1773167899,1,3,1,True,DEFECT,['DARKNESS'],"['BOOT_SEQUENCE', 'GO_FOR_THE_EYES', 'Skip Act 1']"
109,1773167899,1,4,1,True,DEFECT,['COLD_SNAP'],"['ITERATION', 'LIGHTNING_ROD', 'Skip Act 1']"
110,1773167899,1,6,1,True,DEFECT,['WHITE_NOISE'],"['COLD_SNAP', 'LIGHTNING_ROD', 'Skip Act 1']"
111,1773167899,1,7,1,True,DEFECT,['LEAP'],"['BOOST_AWAY', 'HOTFIX', 'Skip Act 1']"
112,1773167899,1,9,1,True,DEFECT,['COMPACT'],"['UPROAR', 'COLD_SNAP', 'Skip Act 1']"
113,1773167899,1,12,1,True,DEFECT,['CHAOS'],"['TRASH_TO_TREASURE', 'STORM', 'Skip Act 1']"
114,1773167899,1,14,1,True,DEFECT,['OVERCLOCK'],"['BALL_LIGHTNING', 'FERAL', 'Skip Act 1']"
115,1773167899,1,15,1,True,DEFECT,['SHADOW_SHIELD'],"['LEAP', 'HYPERBEAM', 'Skip Act 1']"
116,1773167899,1,17,1,True,DEFECT,['MODDED'],"['METEOR_STRIKE', 'SUPERCRITICAL', 'Skip Act 1']"
117,1773167899,2,19,1,True,DEFECT,['HOLOGRAM'],"['FERAL', 'HOTFIX', 'Skip Act 2']"
118,1773167899,2,20,1,True,DEFECT,['Skip Act 2'],"['FTL', 'ROCKET_PUNCH', 'CLAW']"
119,1773167899,2,21,1,True,DEFECT,['BALL_LIGHTNING+'],"['COLD_SNAP+', 'LEAP', 'Skip Act 2']"
120,1773167899,2,22,1,True,DEFECT,['MULTI_CAST'],"['FIGHT_THROUGH', 'SUBROUTINE', 'Skip Act 2']"
121,1773167899,2,23,1,True,DEFECT,['Skip Act 2'],"['FOCUSED_STRIKE', 'LEAP', 'UPROAR']"
122,1773167899,2,30,1,True,DEFECT,['CHARGE_BATTERY+'],"['COMPACT', 'BALL_LIGHTNING', 'Skip Act 2']"
123,1773167899,2,31,1,True,DEFECT,['SUBROUTINE'],"['ICE_LANCE', 'MOMENTUM_STRIKE+', 'Skip Act 2']"
124,1773167899,2,33,1,True,DEFECT,['DEFRAGMENT'],"['REBOOT', 'ALL_FOR_ONE', 'Skip Act 2']"
125,1773167899,3,35,1,True,DEFECT,['CAPACITOR+'],"['GUNK_UP+', 'REFRACT+', 'Skip Act 3']"
126,1773167899,3,36,1,True,DEFECT,['Skip Act 3'],"['MOMENTUM_STRIKE+', 'BALL_LIGHTNING', 'SUNDER+']"
127,1773167899,3,37,1,True,DEFECT,['DEFRAGMENT+'],"['MOMENTUM_STRIKE+', 'SWEEPING_BEAM+', 'Skip Act 3']"
128,1773167899,3,39,1,True,DEFECT,['THUNDER+'],"['COMPILE_DRIVER+', 'GLACIER+', 'Skip Act 3']"
129,1773167899,3,42,1,True,DEFECT,['Skip Act 3'],"['COLD_SNAP+', 'COMPILE_DRIVER+', 'REFRACT']"
130,1773167899,3,45,1,True,DEFECT,['ITERATION+'],"['UPROAR+', 'BOOST_AWAY+', 'Skip Act 3']"
131,1773167899,3,46,1,True,DEFECT,['Skip Act 3'],"['LEAP+', 'FOCUSED_STRIKE+', 'LIGHTNING_ROD+']"
132,1773149401,1,2,1,False,REGENT,['ALIGNMENT'],"['COLLISION_COURSE', 'FURNACE', 'Skip Act 1']"
133,1773149401,1,3,1,False,REGENT,['GATHER_LIGHT'],"['STARDUST', 'CELESTIAL_MIGHT', 'Skip Act 1']"
134,1773149401,1,4,1,False,REGENT,['PHOTON_CUT'],"['GATHER_LIGHT', 'COLLISION_COURSE', 'Skip Act 1']"
135,1773149401,1,5,1,False,REGENT,['GUIDING_STAR'],"['SOLAR_STRIKE', 'WROUGHT_IN_WAR', 'Skip Act 1']"
136,1773149401,1,8,1,False,REGENT,['CRASH_LANDING'],"['SUMMON_FORTH', 'ALIGNMENT', 'Skip Act 1']"
137,1773149401,1,11,1,False,REGENT,['SPOILS_OF_BATTLE'],"['CLOAK_OF_STARS', 'KNOW_THY_PLACE', 'Skip Act 1']"
138,1773149401,1,12,1,False,REGENT,['GLIMMER'],"['GUIDING_STAR', 'STARDUST', 'Skip Act 1']"
139,1773149401,1,14,1,False,REGENT,['SPECTRUM_SHIFT'],"['GLOW', 'COLLISION_COURSE', 'Skip Act 1']"
140,1773149401,1,15,1,False,REGENT,['MONARCHS_GAZE'],"['REFINE_BLADE', 'BLACK_HOLE', 'Skip Act 1']"
141,1773149401,1,17,1,False,REGENT,['VOID_FORM'],"['DECISIONS_DECISIONS', 'GENESIS', 'Skip Act 1']"
142,1773149401,2,19,1,False,REGENT,['Skip Act 2'],"['WROUGHT_IN_WAR+', 'REFINE_BLADE', 'CRUSH_UNDER+']"
143,1773149401,2,20,1,False,REGENT,['GLIMMER'],"['CRESCENT_SPEAR', 'KNOW_THY_PLACE', 'Skip Act 2']"
144,1773149401,2,24,1,False,REGENT,['Skip Act 2'],"['GLIMMER', 'ROYAL_GAMBLE', 'PROPHESIZE']"
145,1773149401,2,29,1,False,REGENT,['STARDUST+'],"['COLLISION_COURSE', 'QUASAR', 'Skip Act 2']"
146,1773149401,2,30,1,False,REGENT,['MANIFEST_AUTHORITY'],"['KNOW_THY_PLACE', 'QUASAR', 'Skip Act 2']"
147,1773149401,2,31,1,False,REGENT,['Skip Act 2'],"['CRESCENT_SPEAR+', 'RADIATE', 'COLLISION_COURSE']"
148,1773010551,1,2,0,True,NECROBINDER,['FETCH'],"['WISP', 'REAVE', 'Skip Act 1']"
149,1773010551,1,3,0,True,NECROBINDER,['DEFY'],"['RIGHT_HAND_HAND', 'WISP', 'Skip Act 1']"
150,1773010551,1,4,0,True,NECROBINDER,['GRAVE_WARDEN'],"['SCOURGE', 'DEFILE', 'Skip Act 1']"
151,1773010551,1,5,0,True,NECROBINDER,['PULL_AGGRO'],"['DRAIN_POWER', 'DEFY', 'Skip Act 1']"
152,1773010551,1,9,0,True,NECROBINDER,['WISP'],"['REAP', 'HIGH_FIVE', 'Skip Act 1']"
153,1773010551,1,11,0,True,NECROBINDER,['SPUR'],"['PARSE', 'DEATHS_DOOR', 'Skip Act 1']"
154,1773010551,1,12,0,True,NECROBINDER,['MISERY'],"['ENFEEBLING_TOUCH', 'PULL_FROM_BELOW', 'Skip Act 1']"
155,1773010551,1,14,0,True,NECROBINDER,['GRAVE_WARDEN'],"['DRAIN_POWER', 'DANSE_MACABRE', 'Skip Act 1']"
156,1773010551,1,15,0,True,NECROBINDER,['MISERY'],"['DEFY', 'NO_ESCAPE', 'Skip Act 1']"
157,1773010551,1,17,0,True,NECROBINDER,['DEVOUR_LIFE'],"['SEANCE', 'TRANSFIGURE', 'Skip Act 1']"
158,1773010551,2,19,0,True,NECROBINDER,['GRAVEBLAST'],"['SNAP', 'COUNTDOWN', 'Skip Act 2']"
159,1773010551,2,21,0,True,NECROBINDER,['FLATTEN'],"['DEFILE', 'BLIGHT_STRIKE', 'Skip Act 2']"
160,1773010551,2,22,0,True,NECROBINDER,['REAVE'],"['SCOURGE', 'GRAVEBLAST', 'Skip Act 2']"
161,1773010551,2,24,0,True,NECROBINDER,['CAPTURE_SPIRIT'],"['DELAY', 'DEATH_MARCH', 'Skip Act 2']"
162,1773010551,2,29,0,True,NECROBINDER,['Skip Act 2'],"['BLIGHT_STRIKE', 'GRAVEBLAST', 'DIRGE']"
163,1773010551,2,30,0,True,NECROBINDER,['GRAVEBLAST'],"['SQUEEZE', 'REAVE', 'Skip Act 2']"
164,1773010551,2,31,0,True,NECROBINDER,['GRAVEBLAST'],"['RIGHT_HAND_HAND+', 'REAP', 'Skip Act 2']"
165,1773010551,2,33,0,True,NECROBINDER,['NECRO_MASTERY'],"['TRANSFIGURE', 'END_OF_DAYS', 'Skip Act 2']"
166,1773010551,3,35,0,True,NECROBINDER,['INVOKE'],"['CLEANSE+', 'BONE_SHARDS+', 'Skip Act 3']"
167,1773010551,3,36,0,True,NECROBINDER,['Skip Act 3'],"['DEFILE+', 'PUTREFY', 'GRAVE_WARDEN+']"
168,1773010551,3,37,0,True,NECROBINDER,['FRIENDSHIP+'],"['BURY+', 'SLEIGHT_OF_FLESH+', 'Skip Act 3']"
169,1773010551,3,38,0,True,NECROBINDER,['Skip Act 3'],"['POKE+', 'PULL_AGGRO+', 'PUTREFY+']"
170,1773010551,3,39,0,True,NECROBINDER,['SIC_EM'],"['PAGESTORM+', 'EIDOLON', 'Skip Act 3']"
171,1773010551,3,43,0,True,NECROBINDER,['Skip Act 3'],"['BLIGHT_STRIKE', 'DRAIN_POWER+', 'GRAVEBLAST']"
172,1773010551,3,45,0,True,NECROBINDER,['Skip Act 3'],"['DEFILE', 'WISP+', 'BLIGHT_STRIKE+', 'SLEIGHT_OF_FLESH']"
173,1773010551,3,46,0,True,NECROBINDER,['FETCH'],"['HIGH_FIVE', 'DEBILITATE+', 'Skip Act 3']"
174,1772745897,1,2,0,False,SILENT,['HAZE+'],"['SPEEDSTER+', 'PREDATOR+', 'Skip Act 1']"
175,1772745897,1,5,0,False,SILENT,['MIRAGE+'],"['DAGGER_SPRAY+', 'PRECISE_CUT+', 'Skip Act 1']"
176,1772745897,1,8,0,False,SILENT,['PREPARED+'],"['CLOAK_AND_DAGGER+', 'PIERCING_WAIL+', 'Skip Act 1']"
177,1772745897,1,9,0,False,SILENT,['FLICK_FLACK'],"['LEADING_STRIKE', 'WELL_LAID_PLANS', 'Skip Act 1']"
178,1772745897,1,12,0,False,SILENT,['PIERCING_WAIL'],"['SUCKER_PUNCH', 'DODGE_AND_ROLL', 'Skip Act 1']"
179,1772745897,1,14,0,False,SILENT,['HAZE'],"['DEFLECT', 'DAGGER_SPRAY', 'Skip Act 1']"
180,1775058383,1,2,4,False,IRONCLAD,['ARMAMENTS+'],"['THUNDERCLAP+', 'INFERNO+', 'Skip Act 1']"
181,1775058383,1,3,4,False,IRONCLAD,['TAUNT+'],"['RUPTURE+', 'CINDER+', 'Skip Act 1']"
182,1775058383,1,5,4,False,IRONCLAD,['BREAKTHROUGH+'],"['INFERNO+', 'RUPTURE+', 'Skip Act 1']"
183,1775058383,1,8,4,False,IRONCLAD,['FEEL_NO_PAIN'],"['STONE_ARMOR', 'DISMANTLE', 'Skip Act 1']"
184,1774099873,1,2,2,False,IRONCLAD,['HEADBUTT'],"['BODY_SLAM', 'BLOODLETTING', 'Skip Act 1']"
185,1774099873,1,3,2,False,IRONCLAD,['PILLAGE'],"['VICIOUS', 'STONE_ARMOR', 'Skip Act 1']"
186,1774099873,1,6,2,False,IRONCLAD,['TRUE_GRIT'],"['STAMPEDE', 'POMMEL_STRIKE', 'THUNDERCLAP', 'MOLTEN_FIST', 'DOMINATE', 'Skip Act 1']"
187,1774099873,1,8,2,False,IRONCLAD,"['TRUE_GRIT', 'PILLAGE']","['BREAKTHROUGH', 'HEMOKINESIS', 'SHRUG_IT_OFF', 'BATTLE_TRANCE', 'Skip Act 1']"
188,1774099873,1,9,2,False,IRONCLAD,['BARRICADE'],"['FIGHT_ME', 'SETUP_STRIKE', 'DISMANTLE', 'HEADBUTT', 'BREAKTHROUGH', 'Skip Act 1']"
189,1774099873,1,12,2,False,IRONCLAD,"['SHRUG_IT_OFF', 'SECOND_WIND']","['SETUP_STRIKE', 'CINDER', 'STOMP', 'TRUE_GRIT', 'Skip Act 1']"
190,1774099873,1,14,2,False,IRONCLAD,"['FLAME_BARRIER', 'BURNING_PACT']","['BREAKTHROUGH', 'POMMEL_STRIKE', 'TRUE_GRIT', 'HAVOC', 'Skip Act 1']"
191,1774099873,1,15,2,False,IRONCLAD,['Skip Act 1'],"['FIGHT_ME', 'SETUP_STRIKE', 'SECOND_WIND']"
192,1773697434,1,2,1,False,REGENT,['KNOCKOUT_BLOW'],"['ORBIT', 'WROUGHT_IN_WAR', 'Skip Act 1']"
193,1773697434,1,3,1,False,REGENT,['SUPERMASSIVE'],"['GLITTERSTREAM', 'MONOLOGUE', 'Skip Act 1']"
194,1773697434,1,4,1,False,REGENT,['CLOAK_OF_STARS'],"['TERRAFORMING', 'PARRY', 'Skip Act 1']"
195,1773697434,1,6,1,False,REGENT,['REFLECT'],"['KNOW_THY_PLACE', 'HIDDEN_CACHE', 'Skip Act 1']"
196,1773697434,1,7,1,False,REGENT,['GAMMA_BLAST'],"['COLLISION_COURSE', 'BLACK_HOLE', 'Skip Act 1']"
197,1773697434,1,9,1,False,REGENT,['SPECTRUM_SHIFT'],"['GLOW', 'GUIDING_STAR', 'Skip Act 1']"
198,1773697434,1,11,1,False,REGENT,['ASTRAL_PULSE'],"['FOREGONE_CONCLUSION', 'SPOILS_OF_BATTLE', 'Skip Act 1']"
199,1773697434,1,13,1,False,REGENT,['CHILD_OF_THE_STARS'],"['KINGLY_PUNCH', 'MONOLOGUE', 'Skip Act 1']"
200,1773697434,1,14,1,False,REGENT,['Skip Act 1'],"['SPOILS_OF_BATTLE', 'COSMIC_INDIFFERENCE', 'GLOW']"
201,1773697434,1,15,1,False,REGENT,['Skip Act 1'],"['ORBIT', 'KNOW_THY_PLACE', 'CRESCENT_SPEAR']"
202,1773697434,1,17,1,False,REGENT,['COMET'],"['NEUTRON_AEGIS', 'GUARDS', 'Skip Act 1']"
203,1773697434,2,19,1,False,REGENT,['SPECTRUM_SHIFT'],"['HEGEMONY', 'GLITTERSTREAM', 'Skip Act 2']"
204,1773697434,2,21,1,False,REGENT,['Skip Act 2'],"['STARDUST', 'SPECTRUM_SHIFT', 'GLITTERSTREAM']"
205,1773697434,2,22,1,False,REGENT,['Skip Act 2'],"['GUIDING_STAR', 'WROUGHT_IN_WAR+', 'COSMIC_INDIFFERENCE']"
206,1773697434,2,23,1,False,REGENT,['Skip Act 2'],"['REFINE_BLADE+', 'GLITTERSTREAM', 'HIDDEN_CACHE']"
207,1773697434,2,24,1,False,REGENT,['Skip Act 2'],"['CRESCENT_SPEAR', 'CRUSH_UNDER', 'PROPHESIZE+']"
208,1773697434,2,28,1,False,REGENT,['DYING_STAR'],"['SPOILS_OF_BATTLE', 'SUMMON_FORTH', 'Skip Act 2']"
209,1773697434,2,29,1,False,REGENT,['Skip Act 2'],"['WROUGHT_IN_WAR', 'GLIMMER+', 'KNOW_THY_PLACE']"
210,1773697434,2,33,1,False,REGENT,['DECISIONS_DECISIONS'],"['NEUTRON_AEGIS', 'DYING_STAR', 'Skip Act 2']"
211,1773697434,3,35,1,False,REGENT,['Skip Act 3'],"['SOLAR_STRIKE', 'REFINE_BLADE', 'GATHER_LIGHT']"
212,1773697434,3,38,1,False,REGENT,['COSMIC_INDIFFERENCE+'],"['BEGONE', 'REFINE_BLADE+', 'Skip Act 3']"
213,1773697434,3,40,1,False,REGENT,['Skip Act 3'],"['REFINE_BLADE', 'PROPHESIZE', 'SOLAR_STRIKE']"
214,1773697434,3,44,1,False,REGENT,['MONARCHS_GAZE'],"['REFINE_BLADE', 'HEGEMONY+', 'Skip Act 3']"
215,1773697434,3,45,1,False,REGENT,['COSMIC_INDIFFERENCE+'],"['SOLAR_STRIKE+', 'CRESCENT_SPEAR+', 'Skip Act 3']"
216,1773697434,3,46,1,False,REGENT,['RADIATE+'],"['KINGLY_PUNCH+', 'REFINE_BLADE', 'Skip Act 3']"
217,1773618503,1,2,1,False,NECROBINDER,['SPUR'],"['SHROUD', 'COUNTDOWN', 'Skip Act 1']"
218,1773618503,1,4,1,False,NECROBINDER,['GRAVE_WARDEN'],"['COUNTDOWN', 'DANSE_MACABRE', 'Skip Act 1']"
219,1773618503,1,5,1,False,NECROBINDER,['Skip Act 1'],"['FETCH', 'WISP', 'BONE_SHARDS']"
220,1773618503,1,7,1,False,NECROBINDER,['Skip Act 1'],"['DEBILITATE', 'HIGH_FIVE', 'RATTLE']"
221,1773618503,1,9,1,False,NECROBINDER,['PARSE'],"['BURY', 'REAP', 'Skip Act 1']"
222,1773618503,1,14,1,False,NECROBINDER,['GRAVE_WARDEN'],"['NEUROSURGE', 'RATTLE', 'Skip Act 1']"
223,1773618503,1,15,1,False,NECROBINDER,['Skip Act 1'],"['NEGATIVE_PULSE', 'FETCH', 'DELAY']"
224,1773095544,1,2,1,True,IRONCLAD,['POMMEL_STRIKE'],"['SPITE', 'SHRUG_IT_OFF', 'Skip Act 1']"
225,1773095544,1,3,1,True,IRONCLAD,['POMMEL_STRIKE'],"['TRUE_GRIT', 'ANGER', 'Skip Act 1']"
226,1773095544,1,5,1,True,IRONCLAD,['POMMEL_STRIKE'],"['SETUP_STRIKE', 'FIGHT_ME', 'Skip Act 1']"
227,1773095544,1,6,1,True,IRONCLAD,['Skip Act 1'],"['CRUELTY', 'IRON_WAVE', 'SWORD_BOOMERANG']"
228,1773095544,1,8,1,True,IRONCLAD,['Skip Act 1'],"['UNRELENTING', 'FIGHT_ME', 'TWIN_STRIKE']"
229,1773095544,1,11,1,True,IRONCLAD,['POMMEL_STRIKE'],"['DOMINATE', 'FLAME_BARRIER', 'Skip Act 1']"
230,1773095544,1,12,1,True,IRONCLAD,['Skip Act 1'],"['GRAPPLE', 'FIGHT_ME', 'VICIOUS']"
231,1773095544,1,14,1,True,IRONCLAD,['Skip Act 1'],"['STONE_ARMOR', 'JUGGLING', 'FEED']"
232,1773095544,1,15,1,True,IRONCLAD,['POMMEL_STRIKE'],"['CINDER', 'IRON_WAVE', 'Skip Act 1']"
233,1773095544,1,17,1,True,IRONCLAD,['MANGLE'],"['DEMON_FORM', 'CONFLAGRATION', 'Skip Act 1']"
234,1773095544,2,19,1,True,IRONCLAD,['Skip Act 2'],"['BLUDGEON', 'BODY_SLAM', 'STAMPEDE']"
235,1773095544,2,21,1,True,IRONCLAD,['Skip Act 2'],"['THUNDERCLAP+', 'FORGOTTEN_RITUAL+', 'RUPTURE']"
236,1773095544,2,23,1,True,IRONCLAD,['Skip Act 2'],"['VICIOUS', 'JUGGLING', 'JUGGERNAUT']"
237,1773095544,2,31,1,True,IRONCLAD,['PYRE'],"['TWIN_STRIKE', 'POMMEL_STRIKE', 'Skip Act 2']"
238,1773095544,2,33,1,True,IRONCLAD,['TRUE_GRIT+'],"['FIGHT_ME', 'JUGGLING', 'Skip Act 2']"
239,1773095544,2,35,1,True,IRONCLAD,['DARK_EMBRACE'],"['OFFERING', 'THRASH', 'Skip Act 2']"
240,1773095544,3,37,1,True,IRONCLAD,['PILLAGE+'],"['IRON_WAVE+', 'TREMBLE', 'Skip Act 3']"
241,1773095544,3,38,1,True,IRONCLAD,['SHRUG_IT_OFF+'],"['TRUE_GRIT', 'INFERNAL_BLADE', 'Skip Act 3']"
242,1773095544,3,40,1,True,IRONCLAD,['Skip Act 3'],"['IRON_WAVE', 'BLUDGEON', 'BREAKTHROUGH+']"
243,1773095544,3,42,1,True,IRONCLAD,['SECOND_WIND+'],"['STONE_ARMOR+', 'INFLAME+', 'Skip Act 3']"
244,1773095544,3,44,1,True,IRONCLAD,['CINDER+'],"['SPITE+', 'FIGHT_ME', 'Skip Act 3']"
245,1773095544,3,46,1,True,IRONCLAD,['UNRELENTING'],"['STOMP+', 'INFERNAL_BLADE+', 'Skip Act 3']"
246,1773095544,3,47,1,True,IRONCLAD,['TREMBLE+'],"['ARMAMENTS+', 'MOLTEN_FIST', 'Skip Act 3']"
247,1772756346,1,2,0,True,IRONCLAD,['PERFECTED_STRIKE'],"['THUNDERCLAP', 'MOLTEN_FIST', 'Skip Act 1']"
248,1772756346,1,3,0,True,IRONCLAD,['INFLAME'],"['INFERNAL_BLADE', 'UPPERCUT', 'Skip Act 1']"
249,1772756346,1,4,0,True,IRONCLAD,['UPPERCUT'],"['HAVOC', 'SWORD_BOOMERANG', 'Skip Act 1']"
250,1772756346,1,6,0,True,IRONCLAD,['MOLTEN_FIST'],"['BREAKTHROUGH', 'HOWL_FROM_BEYOND', 'Skip Act 1']"
251,1772756346,1,8,0,True,IRONCLAD,['POMMEL_STRIKE'],"['INFLAME', 'STOMP', 'Skip Act 1']"
252,1772756346,1,9,0,True,IRONCLAD,['BULLY'],"['IRON_WAVE', 'EVIL_EYE', 'Skip Act 1']"
253,1772756346,1,14,0,True,IRONCLAD,['HELLRAISER+'],"['EXPECT_A_FIGHT', 'HEADBUTT', 'Skip Act 1']"
254,1772756346,1,15,0,True,IRONCLAD,['SETUP_STRIKE'],"['INFLAME+', 'HEADBUTT', 'Skip Act 1']"
255,1772756346,1,17,0,True,IRONCLAD,['CRUELTY+'],"['CASCADE', 'FIEND_FIRE', 'Skip Act 1']"
256,1772756346,2,19,0,True,IRONCLAD,['Skip Act 2'],"['BULLY', 'IRON_WAVE', 'SPITE', 'STOMP']"
257,1772756346,2,20,0,True,IRONCLAD,['POMMEL_STRIKE'],"['HEADBUTT', 'BLOODLETTING', 'Skip Act 2']"
258,1772756346,2,21,0,True,IRONCLAD,['BURNING_PACT'],"['INFERNAL_BLADE', 'SETUP_STRIKE', 'Skip Act 2']"
259,1772756346,2,23,0,True,IRONCLAD,['BATTLE_TRANCE'],"['GRAPPLE', 'CONFLAGRATION', 'Skip Act 2']"
260,1772756346,2,24,0,True,IRONCLAD,['EVIL_EYE'],"['TREMBLE', 'SWORD_BOOMERANG', 'Skip Act 2']"
261,1772756346,2,28,0,True,IRONCLAD,['BURNING_PACT'],"['EXPECT_A_FIGHT', 'HEADBUTT', 'Skip Act 2']"
262,1772756346,2,30,0,True,IRONCLAD,['Skip Act 2'],"['BLUDGEON', 'TREMBLE+', 'BLOODLETTING']"
263,1772756346,2,31,0,True,IRONCLAD,['CASCADE'],"['TREMBLE', 'SETUP_STRIKE+', 'Skip Act 2']"
264,1772756346,2,33,0,True,IRONCLAD,['STOKE'],"['OFFERING', 'UNMOVABLE+', 'Skip Act 2']"
265,1772756346,3,35,0,True,IRONCLAD,['POMMEL_STRIKE'],"['PILLAGE+', 'HOWL_FROM_BEYOND', 'Skip Act 3']"
266,1772756346,3,37,0,True,IRONCLAD,['Skip Act 3'],"['FIGHT_ME+', 'BODY_SLAM', 'PERFECTED_STRIKE']"
267,1772756346,3,38,0,True,IRONCLAD,['BURNING_PACT+'],"['HAVOC', 'CONFLAGRATION', 'Skip Act 3']"
268,1772756346,3,40,0,True,IRONCLAD,['POMMEL_STRIKE+'],"['BLOODLETTING+', 'STAMPEDE+', 'Skip Act 3']"
269,1772756346,3,43,0,True,IRONCLAD,['POMMEL_STRIKE+'],"['BURNING_PACT', 'TRUE_GRIT+', 'Skip Act 3']"
270,1772756346,3,45,0,True,IRONCLAD,['Skip Act 3'],"['WHIRLWIND+', 'SWORD_BOOMERANG+', 'TRUE_GRIT']"
271,1774040373,1,2,2,False,IRONCLAD,['FORGOTTEN_RITUAL+'],"['RAGE+', 'SWORD_BOOMERANG+', 'Skip Act 1']"
272,1774040373,1,3,2,False,IRONCLAD,['SWORD_BOOMERANG+'],"['RUPTURE+', 'FLAME_BARRIER+', 'Skip Act 1']"
273,1774040373,1,4,2,False,IRONCLAD,['TRUE_GRIT+'],"['SHRUG_IT_OFF+', 'MOLTEN_FIST+', 'Skip Act 1']"
274,1774040373,1,6,2,False,IRONCLAD,['HOWL_FROM_BEYOND'],"['POMMEL_STRIKE', 'HEMOKINESIS', 'Skip Act 1']"
275,1774040373,1,8,2,False,IRONCLAD,['BATTLE_TRANCE'],"['RAGE', 'SHRUG_IT_OFF', 'Skip Act 1']"
276,1774040373,1,9,2,False,IRONCLAD,['HELLRAISER'],"['MOLTEN_FIST', 'HEADBUTT', 'Skip Act 1']"
277,1774040373,1,13,2,False,IRONCLAD,['EVIL_EYE'],"['BLOOD_WALL', 'PERFECTED_STRIKE', 'Skip Act 1']"
278,1774040373,1,14,2,False,IRONCLAD,['HOWL_FROM_BEYOND'],"['TRUE_GRIT', 'CINDER', 'Skip Act 1']"
279,1774040373,1,15,2,False,IRONCLAD,['Skip Act 1'],"['STAMPEDE', 'THUNDERCLAP', 'RAMPAGE']"
280,1774040373,1,17,2,False,IRONCLAD,['BARRICADE'],"['MANGLE', 'CRUELTY', 'Skip Act 1']"
281,1774040373,2,19,2,False,IRONCLAD,['Skip Act 2'],"['PERFECTED_STRIKE', 'SHRUG_IT_OFF', 'IRON_WAVE']"
282,1774040373,2,21,2,False,IRONCLAD,['Skip Act 2'],"['HEADBUTT', 'BREAKTHROUGH', 'HAVOC']"
283,1774040373,2,22,2,False,IRONCLAD,['POMMEL_STRIKE'],"['IRON_WAVE', 'EVIL_EYE', 'Skip Act 2']"
284,1774040373,2,23,2,False,IRONCLAD,['VICIOUS'],"['ARMAMENTS', 'TWIN_STRIKE', 'Skip Act 2']"
285,1774040373,2,25,2,False,IRONCLAD,['POMMEL_STRIKE'],"['IRON_WAVE', 'SHRUG_IT_OFF', 'Skip Act 2']"
286,1774040373,2,27,2,False,IRONCLAD,['Skip Act 2'],"['VICIOUS', 'SWORD_BOOMERANG', 'CINDER']"
287,1774040373,2,29,2,False,IRONCLAD,['ARMAMENTS+'],"['IRON_WAVE', 'PERFECTED_STRIKE', 'Skip Act 2']"
288,1774312336,1,2,3,False,IRONCLAD,['BULLY'],"['BREAKTHROUGH', 'SWORD_BOOMERANG', 'Skip Act 1']"
289,1774312336,1,3,3,False,IRONCLAD,['PERFECTED_STRIKE'],"['BURNING_PACT', 'HEADBUTT', 'Skip Act 1']"
290,1774312336,1,7,3,False,IRONCLAD,['POMMEL_STRIKE'],"['BLOODLETTING', 'PACTS_END', 'Skip Act 1']"
291,1774312336,1,8,3,False,IRONCLAD,['ASHEN_STRIKE'],"['EXPECT_A_FIGHT', 'HAVOC', 'Skip Act 1']"
292,1774312336,1,9,3,False,IRONCLAD,['TRUE_GRIT'],"['POMMEL_STRIKE', 'ARMAMENTS', 'Skip Act 1']"
293,1774312336,1,12,3,False,IRONCLAD,['POMMEL_STRIKE'],"['CINDER', 'CRIMSON_MANTLE', 'Skip Act 1']"
294,1774312336,1,13,3,False,IRONCLAD,['Skip Act 1'],"['BODY_SLAM', 'BLOODLETTING', 'ANGER']"
295,1774312336,1,14,3,False,IRONCLAD,['BLOOD_WALL'],"['SETUP_STRIKE', 'BODY_SLAM', 'Skip Act 1']"
296,1774312336,1,17,3,False,IRONCLAD,['BRAND'],"['MANGLE', 'TEAR_ASUNDER', 'Skip Act 1']"
297,1774312336,2,19,3,False,IRONCLAD,['Skip Act 2'],"['DOMINATE', 'TREMBLE', 'BLOOD_WALL']"
298,1774312336,2,20,3,False,IRONCLAD,['Skip Act 2'],"['IRON_WAVE', 'TREMBLE', 'EXPECT_A_FIGHT+']"
299,1774312336,2,21,3,False,IRONCLAD,['Skip Act 2'],"['BULLY', 'EXPECT_A_FIGHT', 'SETUP_STRIKE']"
300,1774312336,2,24,3,False,IRONCLAD,['Skip Act 2'],"['DOMINATE', 'BODY_SLAM', 'INFERNAL_BLADE']"
301,1773091354,1,2,1,False,DEFECT,['COMPILE_DRIVER'],"['BALL_LIGHTNING', 'CHARGE_BATTERY', 'Skip Act 1']"
302,1773091354,1,3,1,False,DEFECT,['HOLOGRAM'],"['LIGHTNING_ROD', 'FERAL', 'Skip Act 1']"
303,1773091354,1,4,1,False,DEFECT,['CREATIVE_AI'],"['HOLOGRAM', 'SWEEPING_BEAM', 'Skip Act 1']"
304,1773091354,1,6,1,False,DEFECT,['COOLHEADED'],"['HAILSTORM', 'BALL_LIGHTNING', 'Skip Act 1']"
305,1773091354,1,8,1,False,DEFECT,['Skip Act 1'],"['BEAM_CELL', 'LOOP', 'UPROAR']"
306,1772749472,1,2,0,True,DEFECT,['COMPILE_DRIVER'],"['SWEEPING_BEAM', 'SYNCHRONIZE', 'Skip Act 1']"
307,1772749472,1,3,0,True,DEFECT,['CHARGE_BATTERY'],"['SYNCHRONIZE', 'UPROAR', 'Skip Act 1']"
308,1772749472,1,4,0,True,DEFECT,['MOMENTUM_STRIKE'],"['BOOST_AWAY', 'LIGHTNING_ROD', 'Skip Act 1']"
309,1772749472,1,5,0,True,DEFECT,['HOLOGRAM'],"['GO_FOR_THE_EYES', 'UPROAR', 'Skip Act 1']"
310,1772749472,1,7,0,True,DEFECT,['COOLHEADED'],"['SKIM', 'FIGHT_THROUGH', 'Skip Act 1']"
311,1772749472,1,8,0,True,DEFECT,['CHILL'],"['BOOT_SEQUENCE', 'CAPACITOR', 'Skip Act 1']"
312,1772749472,1,9,0,True,DEFECT,['SKIM'],"['FERAL', 'SCRAPE', 'Skip Act 1']"
313,1772749472,1,11,0,True,DEFECT,['COOLHEADED'],"['GUNK_UP', 'SYNCHRONIZE', 'Skip Act 1']"
314,1772749472,1,12,0,True,DEFECT,['COMPACT'],"['SYNCHRONIZE', 'MULTI_CAST', 'Skip Act 1']"
315,1772749472,1,13,0,True,DEFECT,['HOLOGRAM'],"['SUBROUTINE', 'CLAW', 'Skip Act 1']"
316,1772749472,1,15,0,True,DEFECT,['CAPACITOR'],"['SWEEPING_BEAM', 'BEAM_CELL', 'Skip Act 1']"
317,1772749472,1,17,0,True,DEFECT,['TRASH_TO_TREASURE'],"['MACHINE_LEARNING', 'BUFFER', 'Skip Act 1']"
318,1772749472,2,19,0,True,DEFECT,['THUNDER'],"['MOMENTUM_STRIKE', 'HOLOGRAM+', 'Skip Act 2']"
319,1772749472,2,22,0,True,DEFECT,['GLASSWORK'],"['SUNDER', 'GO_FOR_THE_EYES', 'Skip Act 2']"
320,1772749472,2,29,0,True,DEFECT,['Skip Act 2'],"['CHARGE_BATTERY', 'LEAP+', 'CLAW']"
321,1772749472,2,33,0,True,DEFECT,['CREATIVE_AI'],"['TRASH_TO_TREASURE', 'COOLANT', 'Skip Act 2']"
322,1772749472,3,35,0,True,DEFECT,['BULK_UP+'],"['SCRAPE+', 'LIGHTNING_ROD', 'Skip Act 3']"
323,1772749472,3,37,0,True,DEFECT,['Skip Act 3'],"['CHILL', 'TESLA_COIL+', 'GLACIER']"
324,1772749472,3,38,0,True,DEFECT,['COMPACT+'],"['WHITE_NOISE', 'CLAW', 'Skip Act 3']"
325,1772749472,3,39,0,True,DEFECT,['Skip Act 3'],"['HAILSTORM', 'FERAL', 'CHILL+']"
326,1772749472,3,40,0,True,DEFECT,['BOOST_AWAY+'],"['SWEEPING_BEAM', 'SCRAPE', 'Skip Act 3']"
327,1772749472,3,42,0,True,DEFECT,['FOCUSED_STRIKE'],"['LEAP', 'BEAM_CELL+', 'Skip Act 3']"
328,1772749472,3,43,0,True,DEFECT,['Skip Act 3'],"['BOOT_SEQUENCE+', 'BOOST_AWAY', 'GENETIC_ALGORITHM']"
329,1772749472,3,46,0,True,DEFECT,['Skip Act 3'],"['SPINNER', 'SWEEPING_BEAM', 'HAILSTORM']"
330,1773623099,1,2,1,True,NECROBINDER,['CALCIFY+'],"['MELANCHOLY+', 'FEAR+', 'Skip Act 1']"
331,1773623099,1,3,1,True,NECROBINDER,['GRAVE_WARDEN+'],"['REAP+', 'DREDGE+', 'Skip Act 1']"
332,1773623099,1,4,1,True,NECROBINDER,['POKE+'],"['DRAIN_POWER+', 'WISP+', 'Skip Act 1']"
333,1773623099,1,5,1,True,NECROBINDER,['ENFEEBLING_TOUCH'],"['DEATHS_DOOR', 'PAGESTORM', 'Skip Act 1']"
334,1773623099,1,6,1,True,NECROBINDER,['HAUNT'],"['PULL_AGGRO', 'BONE_SHARDS', 'Skip Act 1']"
335,1773623099,1,9,1,True,NECROBINDER,['CAPTURE_SPIRIT'],"['WISP', 'DREDGE', 'Skip Act 1']"
336,1773623099,1,11,1,True,NECROBINDER,['REANIMATE'],"['CLEANSE', 'MELANCHOLY', 'Skip Act 1']"
337,1773623099,1,12,1,True,NECROBINDER,['SNAP'],"['DEFILE', 'POKE', 'Skip Act 1']"
338,1773623099,1,13,1,True,NECROBINDER,['CAPTURE_SPIRIT'],"['SCOURGE', 'POKE', 'Skip Act 1']"
339,1773623099,1,14,1,True,NECROBINDER,['CALCIFY'],"['REAVE', 'POKE', 'Skip Act 1']"
340,1773623099,1,17,1,True,NECROBINDER,['DEVOUR_LIFE'],"['SPIRIT_OF_ASH', 'NECRO_MASTERY', 'Skip Act 1']"
341,1773623099,2,19,1,True,NECROBINDER,['FETCH'],"['REAP', 'AFTERLIFE', 'Skip Act 2']"
342,1773623099,2,20,1,True,NECROBINDER,['Skip Act 2'],"['PULL_AGGRO+', 'SCOURGE+', 'DEFILE']"
343,1773623099,2,21,1,True,NECROBINDER,['Skip Act 2'],"['DANSE_MACABRE+', 'FEAR', 'FLATTEN']"
344,1773623099,2,22,1,True,NECROBINDER,['SIC_EM+'],"['WISP', 'DEFILE', 'Skip Act 2']"
345,1773623099,2,25,1,True,NECROBINDER,['CAPTURE_SPIRIT'],"['DRAIN_POWER', 'HIGH_FIVE', 'Skip Act 2']"
346,1773623099,2,28,1,True,NECROBINDER,['Skip Act 2'],"['SNAP+', 'DELAY', 'DEFY']"
347,1773623099,2,29,1,True,NECROBINDER,['INVOKE+'],"['NEGATIVE_PULSE', 'BLIGHT_STRIKE+', 'Skip Act 2']"
348,1773623099,2,30,1,True,NECROBINDER,['DEVOUR_LIFE'],"['GRAVEBLAST', 'NEGATIVE_PULSE', 'Skip Act 2']"
349,1773623099,2,31,1,True,NECROBINDER,['Skip Act 2'],"['ENFEEBLING_TOUCH', 'SCOURGE', 'GRAVEBLAST']"
350,1773623099,2,33,1,True,NECROBINDER,['SEANCE'],"['NECRO_MASTERY', 'UNDEATH', 'Skip Act 2']"
351,1773623099,3,35,1,True,NECROBINDER,['INVOKE+'],"['WISP', 'FEAR+', 'Skip Act 3']"
352,1773623099,3,36,1,True,NECROBINDER,['DIRGE'],"['LETHALITY', 'DELAY+', 'Skip Act 3']"
353,1773623099,3,37,1,True,NECROBINDER,['ENFEEBLING_TOUCH+'],"['NEGATIVE_PULSE+', 'GRAVEBLAST+', 'Skip Act 3']"
354,1773623099,3,40,1,True,NECROBINDER,['Skip Act 3'],"['DEATHBRINGER+', 'FEAR+', 'INVOKE+']"
355,1773623099,3,43,1,True,NECROBINDER,['HAUNT'],"['REAVE', 'UNDEATH', 'Skip Act 3']"
356,1773623099,3,45,1,True,NECROBINDER,['Skip Act 3'],"['SEVERANCE', 'WISP', 'PUTREFY+']"
357,1775074448,1,2,4,True,IRONCLAD,['ASHEN_STRIKE'],"['THUNDERCLAP', 'ARMAMENTS', 'Skip Act 1']"
358,1775074448,1,3,4,True,IRONCLAD,['TRUE_GRIT'],"['SPITE', 'TAUNT', 'Skip Act 1']"
359,1775074448,1,5,4,True,IRONCLAD,['INFERNAL_BLADE'],"['BREAKTHROUGH', 'CINDER', 'Skip Act 1']"
360,1775074448,1,6,4,True,IRONCLAD,['PILLAGE'],"['ASHEN_STRIKE', 'ANGER', 'Skip Act 1']"
361,1775074448,1,7,4,True,IRONCLAD,['FIEND_FIRE'],"['TWIN_STRIKE', 'BREAKTHROUGH', 'Skip Act 1']"
362,1775074448,1,9,4,True,IRONCLAD,['TRUE_GRIT'],"['SHRUG_IT_OFF', 'BLOOD_WALL', 'Skip Act 1']"
363,1775074448,1,11,4,True,IRONCLAD,['Skip Act 1'],"['SPITE', 'SWORD_BOOMERANG', 'GRAPPLE']"
364,1775074448,1,12,4,True,IRONCLAD,['ASHEN_STRIKE'],"['MANGLE', 'ANGER', 'Skip Act 1']"
365,1775074448,1,14,4,True,IRONCLAD,['Skip Act 1'],"['BREAKTHROUGH', 'UPPERCUT', 'CINDER']"
366,1775074448,1,17,4,True,IRONCLAD,['PYRE'],"['DARK_EMBRACE', 'PACTS_END', 'Skip Act 1']"
367,1775074448,2,19,4,True,IRONCLAD,['ARMAMENTS+'],"['DISMANTLE', 'BREAKTHROUGH', 'TAUNT+', 'THUNDERCLAP+', 'MOLTEN_FIST', 'Skip Act 2']"
368,1775074448,2,20,4,True,IRONCLAD,['FEEL_NO_PAIN'],"['BURNING_PACT', 'BLOOD_WALL', 'Skip Act 2']"
369,1775074448,2,23,4,True,IRONCLAD,['ASHEN_STRIKE'],"['GRAPPLE', 'FIGHT_ME', 'RAGE', 'RAGE', 'CINDER+', 'Skip Act 2']"
370,1775074448,2,24,4,True,IRONCLAD,['SHRUG_IT_OFF'],"['SWORD_BOOMERANG', 'IRON_WAVE', 'TREMBLE', 'CINDER', 'DOMINATE', 'Skip Act 2']"
371,1775074448,2,28,4,True,IRONCLAD,['Skip Act 2'],"['BODY_SLAM', 'DOMINATE+', 'TREMBLE', 'COLOSSUS', 'BODY_SLAM', 'BLOOD_WALL']"
372,1775074448,2,30,4,True,IRONCLAD,['EVIL_EYE'],"['TWIN_STRIKE+', 'GRAPPLE', 'SETUP_STRIKE', 'SWORD_BOOMERANG', 'HAVOC', 'Skip Act 2']"
373,1775074448,2,33,4,True,IRONCLAD,['CASCADE'],"['CRIMSON_MANTLE', 'PRIMAL_FORCE', 'Skip Act 2']"
374,1775074448,3,35,4,True,IRONCLAD,['SHRUG_IT_OFF+'],"['STOMP', 'THUNDERCLAP+', 'Skip Act 3']"
375,1775074448,3,36,4,True,IRONCLAD,['Skip Act 3'],"['PERFECTED_STRIKE+', 'BODY_SLAM', 'TREMBLE+', 'CINDER+', 'HAVOC', 'DOMINATE']"
376,1775074448,3,37,4,True,IRONCLAD,['STOKE+'],"['PRIMAL_FORCE+', 'IMPERVIOUS+', 'Skip Act 3']"
377,1775074448,3,39,4,True,IRONCLAD,['Skip Act 3'],"['PERFECTED_STRIKE+', 'UPPERCUT', 'UNRELENTING+', 'HAVOC+', 'EVIL_EYE+', 'HEADBUTT']"
378,1775074448,3,40,4,True,IRONCLAD,['Skip Act 3'],"['RUPTURE', 'DISMANTLE', 'MOLTEN_FIST', 'COLOSSUS', 'BLUDGEON', 'IRON_WAVE+']"
379,1775074448,3,44,4,True,IRONCLAD,['Skip Act 3'],"['PERFECTED_STRIKE', 'MOLTEN_FIST', 'BLUDGEON', 'UPPERCUT', 'WHIRLWIND', 'FIGHT_ME']"
380,1775074448,3,46,4,True,IRONCLAD,['MANGLE'],"['SETUP_STRIKE', 'ANGER', 'STONE_ARMOR', 'IRON_WAVE+', 'PRIMAL_FORCE', 'Skip Act 3']"
381,1773248392,1,2,1,False,REGENT,['COSMIC_INDIFFERENCE'],"['CRESCENT_SPEAR', 'HIDDEN_CACHE', 'Skip Act 1']"
382,1773248392,1,3,1,False,REGENT,['KINGLY_PUNCH'],"['PHOTON_CUT', 'SPECTRUM_SHIFT', 'Skip Act 1']"
383,1773248392,1,4,1,False,REGENT,['CHARGE'],"['SPOILS_OF_BATTLE', 'BUNDLE_OF_JOY', 'Skip Act 1']"
384,1773248392,1,5,1,False,REGENT,['Skip Act 1'],"['FURNACE', 'ASTRAL_PULSE', 'SUMMON_FORTH']"
385,1773248392,1,7,1,False,REGENT,['PHOTON_CUT'],"['MONOLOGUE', 'KNOW_THY_PLACE', 'Skip Act 1']"
386,1773248392,1,8,1,False,REGENT,['GLOW'],"['ASTRAL_PULSE', 'THE_SMITH', 'Skip Act 1']"
387,1773248392,1,11,1,False,REGENT,['Skip Act 1'],"['KNOW_THY_PLACE', 'RADIATE', 'HIDDEN_CACHE']"
388,1773248392,1,14,1,False,REGENT,['PHOTON_CUT'],"['GLITTERSTREAM', 'CRUSH_UNDER', 'Skip Act 1']"
389,1773248392,1,17,1,False,REGENT,['BUNDLE_OF_JOY'],"['VOID_FORM', 'COMET', 'Skip Act 1']"
390,1773248392,2,19,1,False,REGENT,['COSMIC_INDIFFERENCE'],"['CELESTIAL_MIGHT', 'WROUGHT_IN_WAR+', 'Skip Act 2']"
391,1773248392,2,20,1,False,REGENT,['COSMIC_INDIFFERENCE+'],"['CLOAK_OF_STARS', 'HIDDEN_CACHE', 'Skip Act 2']"
392,1773248392,2,21,1,False,REGENT,['PARTICLE_WALL'],"['PHOTON_CUT', 'HEIRLOOM_HAMMER', 'Skip Act 2']"
393,1773248392,2,23,1,False,REGENT,['Skip Act 2'],"['KNOW_THY_PLACE+', 'KNOCKOUT_BLOW+', 'PILLAR_OF_CREATION']"
394,1773248392,2,25,1,False,REGENT,['Skip Act 2'],"['PHOTON_CUT+', 'COSMIC_INDIFFERENCE', 'HIDDEN_CACHE+']"
395,1773248392,2,27,1,False,REGENT,['Skip Act 2'],"['CRESCENT_SPEAR', 'HEGEMONY', 'GLIMMER', 'GAMMA_BLAST', 'QUASAR', 'CLOAK_OF_STARS']"
396,1773248392,2,29,1,False,REGENT,['Skip Act 2'],"['CLOAK_OF_STARS', 'DYING_STAR', 'CRESCENT_SPEAR', 'KNOCKOUT_BLOW', 'PALE_BLUE_DOT', 'GUIDING_STAR']"
397,1773248392,2,30,1,False,REGENT,['Skip Act 2'],"['CRESCENT_SPEAR', 'CONVERGENCE', 'HEGEMONY+']"
398,1773248392,2,31,1,False,REGENT,['CHARGE'],"['ALIGNMENT', 'PHOTON_CUT', 'GLITTERSTREAM+', 'CRASH_LANDING', 'SPECTRUM_SHIFT', 'Skip Act 2']"
399,1772808906,1,2,0,True,SILENT,['BOUNCING_FLASK'],"['SKEWER', 'LEADING_STRIKE', 'Skip Act 1']"
400,1772808906,1,3,0,True,SILENT,['MIRAGE'],"['POUNCE', 'DASH', 'Skip Act 1']"
401,1772808906,1,5,0,True,SILENT,['FOOTWORK'],"['SNAKEBITE', 'BACKFLIP', 'Skip Act 1']"
402,1772808906,1,6,0,True,SILENT,['Skip Act 1'],"['FLECHETTES', 'DEADLY_POISON', 'RICOCHET']"
403,1772808906,1,7,0,True,SILENT,['Skip Act 1'],"['BLADE_DANCE', 'CLOAK_AND_DAGGER', 'FINISHER']"
404,1772808906,1,8,0,True,SILENT,['Skip Act 1'],"['UP_MY_SLEEVE', 'FLICK_FLACK', 'SKEWER']"
405,1772808906,1,12,0,True,SILENT,['DODGE_AND_ROLL'],"['DAGGER_SPRAY', 'DAGGER_THROW', 'Skip Act 1']"
406,1772808906,1,13,0,True,SILENT,['ACROBATICS'],"['TRACKING', 'HAZE', 'Skip Act 1']"
407,1772808906,1,14,0,True,SILENT,['UNTOUCHABLE'],"['FLICK_FLACK', 'ACROBATICS', 'Skip Act 1']"
408,1772808906,1,17,0,True,SILENT,['ACCELERANT'],"['GRAND_FINALE', 'SHADOWMELD', 'Skip Act 1']"
409,1772808906,2,19,0,True,SILENT,['PREPARED+'],"['DEFLECT', 'SUCKER_PUNCH', 'Skip Act 2']"
410,1772808906,2,21,0,True,SILENT,['Skip Act 2'],"['BLADE_DANCE', 'RICOCHET', 'DASH']"
411,1772808906,2,22,0,True,SILENT,['DEFLECT'],"['EXPERTISE', 'ACCURACY', 'Skip Act 2']"
412,1772808906,2,25,0,True,SILENT,['TOOLS_OF_THE_TRADE'],"['DAGGER_THROW', 'DODGE_AND_ROLL+', 'Skip Act 2']"
413,1772808906,2,29,0,True,SILENT,['UNTOUCHABLE+'],"['RICOCHET', 'OUTBREAK', 'Skip Act 2']"
414,1772808906,2,30,0,True,SILENT,['PREPARED+'],"['DAGGER_THROW', 'BOUNCING_FLASK', 'Skip Act 2']"
415,1772808906,2,31,0,True,SILENT,['UNTOUCHABLE'],"['INFINITE_BLADES', 'DODGE_AND_ROLL', 'Skip Act 2']"
416,1772808906,2,33,0,True,SILENT,['NIGHTMARE'],"['SERPENT_FORM', 'GRAND_FINALE', 'Skip Act 2']"
417,1772808906,3,35,0,True,SILENT,['ESCAPE_PLAN'],"['OUTBREAK', 'BACKFLIP', 'Skip Act 3']"
418,1772808906,3,37,0,True,SILENT,['RICOCHET'],"['BOUNCING_FLASK', 'ANTICIPATE+', 'Skip Act 3']"
419,1772808906,3,38,0,True,SILENT,['ACROBATICS'],"['SNAKEBITE', 'ECHOING_SLASH', 'Skip Act 3']"
420,1772808906,3,43,0,True,SILENT,['WELL_LAID_PLANS'],"['DODGE_AND_ROLL', 'UP_MY_SLEEVE+', 'Skip Act 3']"
421,1772808906,3,45,0,True,SILENT,['PIERCING_WAIL+'],"['DODGE_AND_ROLL+', 'FLECHETTES', 'Skip Act 3']"
422,1772831724,1,2,0,False,REGENT,['HIDDEN_CACHE'],"['WROUGHT_IN_WAR', 'KNOCKOUT_BLOW', 'Skip Act 1']"
423,1772831724,1,3,0,False,REGENT,['CRESCENT_SPEAR'],"['PHOTON_CUT', 'CLOAK_OF_STARS', 'Skip Act 1']"
424,1772831724,1,4,0,False,REGENT,['CRESCENT_SPEAR'],"['GLOW', 'KNOCKOUT_BLOW', 'Skip Act 1']"
425,1772831724,1,5,0,False,REGENT,['I_AM_INVINCIBLE'],"['ASTRAL_PULSE', 'GLOW', 'Skip Act 1']"
426,1773874172,1,2,1,False,REGENT,['GATHER_LIGHT'],"['PARRY', 'KINGLY_KICK', 'Skip Act 1']"
427,1773874172,1,4,1,False,REGENT,['CLOAK_OF_STARS'],"['KNOW_THY_PLACE', 'CELESTIAL_MIGHT', 'Skip Act 1']"
428,1773874172,1,5,1,False,REGENT,['SPECTRUM_SHIFT'],"['ASTRAL_PULSE', 'SOLAR_STRIKE', 'Skip Act 1']"
429,1773874172,1,7,1,False,REGENT,['Skip Act 1'],"['WROUGHT_IN_WAR', 'CELESTIAL_MIGHT', 'ORBIT']"
430,1773874172,1,8,1,False,REGENT,['Skip Act 1'],"['DEVASTATE', 'CELESTIAL_MIGHT', 'SOLAR_STRIKE']"
431,1773874172,1,9,1,False,REGENT,['Skip Act 1'],"['KNOW_THY_PLACE', 'CLOAK_OF_STARS', 'COLLISION_COURSE']"
432,1773874172,1,12,1,False,REGENT,['GATHER_LIGHT'],"['WROUGHT_IN_WAR', 'SPOILS_OF_BATTLE', 'Skip Act 1']"
433,1773107313,1,2,1,True,SILENT,['SKEWER'],"['DEFLECT', 'UNTOUCHABLE', 'Skip Act 1']"
434,1773107313,1,3,1,True,SILENT,['NOXIOUS_FUMES'],"['SLICE', 'LEG_SWEEP', 'Skip Act 1']"
435,1773107313,1,5,1,True,SILENT,['SLICE'],"['FLECHETTES', 'UNTOUCHABLE', 'Skip Act 1']"
436,1773107313,1,7,1,True,SILENT,['INFINITE_BLADES'],"['HAZE', 'POISONED_STAB', 'Skip Act 1']"
437,1773107313,1,9,1,True,SILENT,['BLUR'],"['POISONED_STAB', 'SLICE', 'Skip Act 1']"
438,1773107313,1,12,1,True,SILENT,['BLUR'],"['BLADE_DANCE', 'DAGGER_SPRAY', 'Skip Act 1']"
439,1773107313,1,13,1,True,SILENT,['Skip Act 1'],"['MEMENTO_MORI', 'PREDATOR', 'STORM_OF_STEEL']"
440,1773107313,1,15,1,True,SILENT,['RICOCHET'],"['ESCAPE_PLAN', 'SNAKEBITE', 'Skip Act 1']"
441,1773107313,1,17,1,True,SILENT,['ENVENOM'],"['CORROSIVE_WAVE', 'AFTERIMAGE', 'Skip Act 1']"
442,1773107313,2,19,1,True,SILENT,['UP_MY_SLEEVE'],"['BLADE_DANCE+', 'EXPOSE', 'Skip Act 2']"
443,1773107313,2,21,1,True,SILENT,['Skip Act 2'],"['BACKSTAB', 'CLOAK_AND_DAGGER+', 'DAGGER_SPRAY+']"
444,1773107313,2,24,1,True,SILENT,['Skip Act 2'],"['FLICK_FLACK', 'POISONED_STAB', 'BACKSTAB+']"
445,1773107313,2,25,1,True,SILENT,['Skip Act 2'],"['UNTOUCHABLE', 'BULLET_TIME', 'DEFLECT']"
446,1773107313,2,28,1,True,SILENT,['Skip Act 2'],"['DEADLY_POISON+', 'MEMENTO_MORI', 'DODGE_AND_ROLL']"
447,1773107313,2,30,1,True,SILENT,['Skip Act 2'],"['DASH', 'THE_HUNT', 'DEADLY_POISON']"
448,1773107313,2,31,1,True,SILENT,['Skip Act 2'],"['SNAKEBITE+', 'LEADING_STRIKE', 'POISONED_STAB']"
449,1773107313,2,33,1,True,SILENT,['ENVENOM'],"['BURST', 'MALAISE', 'Skip Act 2']"
450,1773107313,3,35,1,True,SILENT,['FLICK_FLACK+'],"['ESCAPE_PLAN+', 'PIERCING_WAIL', 'Skip Act 3']"
451,1773107313,3,38,1,True,SILENT,['NOXIOUS_FUMES'],"['ACCURACY', 'BLUR+', 'Skip Act 3']"
452,1773107313,3,39,1,True,SILENT,['Skip Act 3'],"['BOUNCING_FLASK+', 'LEADING_STRIKE+', 'BACKFLIP']"
453,1773107313,3,44,1,True,SILENT,['Skip Act 3'],"['ENVENOM', 'NOXIOUS_FUMES', 'LEADING_STRIKE']"
454,1773107313,3,45,1,True,SILENT,['PREPARED+'],"['DEFLECT+', 'SUCKER_PUNCH+', 'Skip Act 3']"
455,1773107313,3,46,1,True,SILENT,['ACCELERANT'],"['HAZE', 'RICOCHET+', 'Skip Act 3']"
456,1775053928,1,2,4,False,IRONCLAD,['ANGER'],"['ARMAMENTS', 'THUNDERCLAP', 'Skip Act 1']"
457,1775053928,1,4,4,False,IRONCLAD,['SETUP_STRIKE'],"['SHRUG_IT_OFF', 'ARMAMENTS', 'Skip Act 1']"
458,1775053928,1,5,4,False,IRONCLAD,['ANGER'],"['TWIN_STRIKE', 'SETUP_STRIKE', 'Skip Act 1']"
459,1775053928,1,6,4,False,IRONCLAD,['RAGE'],"['ONE_TWO_PUNCH', 'SHRUG_IT_OFF', 'Skip Act 1']"
460,1775053928,1,9,4,False,IRONCLAD,['Skip Act 1'],"['SETUP_STRIKE', 'BODY_SLAM', 'VICIOUS']"
461,1773968031,1,2,2,False,DEFECT,['COMPILE_DRIVER'],"['TURBO', 'UPROAR', 'Skip Act 1']"
462,1773968031,1,3,2,False,DEFECT,['GO_FOR_THE_EYES'],"['BARRAGE', 'LEAP', 'Skip Act 1']"
463,1773968031,1,5,2,False,DEFECT,['BOOST_AWAY'],"['UPROAR', 'GUNK_UP', 'Skip Act 1']"
464,1774721862,1,2,3,True,IRONCLAD,['HEADBUTT+'],"['SWORD_BOOMERANG+', 'ANGER+', 'Skip Act 1']"
465,1774721862,1,3,3,True,IRONCLAD,['FLAME_BARRIER+'],"['TWIN_STRIKE+', 'THUNDERCLAP+', 'Skip Act 1']"
466,1774721862,1,4,3,True,IRONCLAD,['BLOODLETTING+'],"['FORGOTTEN_RITUAL+', 'UNRELENTING+', 'Skip Act 1']"
467,1774721862,1,8,3,True,IRONCLAD,['DARK_EMBRACE'],"['TAUNT', 'HOWL_FROM_BEYOND', 'Skip Act 1']"
468,1774721862,1,13,3,True,IRONCLAD,['RAGE'],"['PERFECTED_STRIKE', 'RAMPAGE', 'Skip Act 1']"
469,1774721862,1,15,3,True,IRONCLAD,['POMMEL_STRIKE'],"['TREMBLE', 'BODY_SLAM', 'Skip Act 1']"
470,1774721862,1,17,3,True,IRONCLAD,['AGGRESSION'],"['DARK_EMBRACE', 'CRUELTY', 'Skip Act 1']"
471,1774721862,2,19,3,True,IRONCLAD,['MOLTEN_FIST'],"['SWORD_BOOMERANG', 'ARMAMENTS', 'Skip Act 2']"
472,1774721862,2,22,3,True,IRONCLAD,['UPPERCUT+'],"['SETUP_STRIKE+', 'SWORD_BOOMERANG', 'Skip Act 2']"
473,1774721862,2,23,3,True,IRONCLAD,['HEADBUTT'],"['JUGGERNAUT', 'TREMBLE', 'Skip Act 2']"
474,1774721862,2,24,3,True,IRONCLAD,['Skip Act 2'],"['DRUM_OF_BATTLE', 'MOLTEN_FIST', 'GRAPPLE']"
475,1774721862,2,25,3,True,IRONCLAD,['HOWL_FROM_BEYOND'],"['BLOOD_WALL', 'SWORD_BOOMERANG', 'Skip Act 2']"
476,1774721862,2,28,3,True,IRONCLAD,['BLOOD_WALL+'],"['BLOODLETTING', 'IRON_WAVE', 'Skip Act 2']"
477,1774721862,2,30,3,True,IRONCLAD,['TAUNT'],"['FIEND_FIRE', 'INFLAME', 'Skip Act 2']"
478,1774721862,2,31,3,True,IRONCLAD,['TRUE_GRIT+'],"['SHRUG_IT_OFF', 'BLOOD_WALL+', 'Skip Act 2']"
479,1774721862,2,33,3,True,IRONCLAD,['AGGRESSION'],"['CONFLAGRATION', 'HELLRAISER', 'Skip Act 2']"
480,1774721862,3,35,3,True,IRONCLAD,['BLUDGEON+'],"['RAMPAGE', 'ANGER+', 'Skip Act 3']"
481,1774721862,3,37,3,True,IRONCLAD,['STOMP+'],"['BLOOD_WALL', 'IRON_WAVE', 'Skip Act 3']"
482,1774721862,3,40,3,True,IRONCLAD,['MANGLE'],"['RAMPAGE+', 'BULLY', 'Skip Act 3']"
483,1774721862,3,42,3,True,IRONCLAD,['Skip Act 3'],"['BREAKTHROUGH+', 'BODY_SLAM+', 'HAVOC']"
484,1774721862,3,45,3,True,IRONCLAD,['Skip Act 3'],"['CINDER', 'PRIMAL_FORCE', 'UNRELENTING+']"
485,1774721862,3,46,3,True,IRONCLAD,['Skip Act 3'],"['ARMAMENTS', 'BLOOD_WALL', 'POMMEL_STRIKE']"
486,1773881243,1,1,1,True,REGENT,['Skip Act 1'],['ULTIMATE_DEFEND']
487,1773881243,1,2,1,True,REGENT,['COSMIC_INDIFFERENCE'],"['SPOILS_OF_BATTLE', 'CRESCENT_SPEAR', 'Skip Act 1']"
488,1773881243,1,3,1,True,REGENT,['REFINE_BLADE'],"['PHOTON_CUT', 'KINGLY_KICK', 'Skip Act 1']"
489,1773881243,1,4,1,True,REGENT,['MANIFEST_AUTHORITY'],"['ASTRAL_PULSE', 'GLIMMER', 'Skip Act 1']"
490,1773881243,1,7,1,True,REGENT,['MONARCHS_GAZE'],"['REFLECT', 'CELESTIAL_MIGHT', 'Skip Act 1']"
491,1773881243,1,9,1,True,REGENT,['Skip Act 1'],"['SHINING_STRIKE', 'CELESTIAL_MIGHT', 'NEUTRON_AEGIS']"
492,1773881243,1,12,1,True,REGENT,['CONVERGENCE'],"['WROUGHT_IN_WAR', 'ORBIT', 'Skip Act 1']"
493,1773881243,1,14,1,True,REGENT,['BIG_BANG'],"['CRESCENT_SPEAR', 'KNOW_THY_PLACE', 'Skip Act 1']"
494,1773881243,1,15,1,True,REGENT,['QUASAR'],"['PROPHESIZE', 'ASTRAL_PULSE', 'Skip Act 1']"
495,1773881243,1,17,1,True,REGENT,['TYRANNY'],"['THE_SMITH', 'ROYALTIES', 'Skip Act 1']"
496,1773881243,2,19,1,True,REGENT,['HIDDEN_CACHE'],"['SHINING_STRIKE', 'GLITTERSTREAM', 'Skip Act 2']"
497,1773881243,2,20,1,True,REGENT,['STARDUST'],"['GLOW', 'GUIDING_STAR', 'Skip Act 2']"
498,1773881243,2,22,1,True,REGENT,['PILLAR_OF_CREATION'],"['PALE_BLUE_DOT+', 'PHOTON_CUT', 'Skip Act 2']"
499,1773881243,2,23,1,True,REGENT,['Skip Act 2'],"['REFINE_BLADE', 'ROYALTIES', 'SUPERMASSIVE+']"
500,1773881243,2,25,1,True,REGENT,['ALIGNMENT+'],"['RADIATE+', 'CRESCENT_SPEAR', 'Skip Act 2']"
501,1773881243,2,27,1,True,REGENT,['Skip Act 2'],"['BEGONE', 'KINGLY_KICK+', 'SHINING_STRIKE+']"
502,1773881243,2,28,1,True,REGENT,['Skip Act 2'],"['BOMBARDMENT', 'SOLAR_STRIKE', 'GLOW']"
503,1773881243,2,29,1,True,REGENT,['SPECTRUM_SHIFT+'],"['GAMMA_BLAST', 'BEGONE', 'Skip Act 2']"
504,1773881243,2,30,1,True,REGENT,['Skip Act 2'],"['STARDUST+', 'GUIDING_STAR', 'CRUSH_UNDER']"
505,1773881243,2,31,1,True,REGENT,['CHARGE'],"['GLIMMER', 'CRESCENT_SPEAR+', 'Skip Act 2']"
506,1773881243,2,33,1,True,REGENT,['GUARDS'],"['NEUTRON_AEGIS', 'I_AM_INVINCIBLE', 'Skip Act 2']"
507,1773881243,3,35,1,True,REGENT,['GATHER_LIGHT+'],"['WROUGHT_IN_WAR+', 'COSMIC_INDIFFERENCE+', 'Skip Act 3']"
508,1773881243,3,36,1,True,REGENT,['Skip Act 3'],"['WROUGHT_IN_WAR+', 'PARRY+', 'ROYALTIES']"
509,1773881243,3,39,1,True,REGENT,['SPECTRUM_SHIFT'],"['GLOW', 'PHOTON_CUT', 'Skip Act 3']"
510,1773881243,3,43,1,True,REGENT,['Skip Act 3'],"['CHARGE', 'FOREGONE_CONCLUSION', 'GATHER_LIGHT+']"
511,1773881243,3,44,1,True,REGENT,['PARRY+'],"['SOLAR_STRIKE', 'REFINE_BLADE', 'Skip Act 3']"
512,1773881243,3,45,1,True,REGENT,['Skip Act 3'],"['PALE_BLUE_DOT', 'ASTRAL_PULSE', 'GUIDING_STAR+']"
513,1773090117,1,1,1,False,IRONCLAD,['DOMINATE'],"['SWORD_BOOMERANG', 'ANGER', 'Skip Act 1']"
514,1773090117,1,2,1,False,IRONCLAD,['TRUE_GRIT'],"['BLOODLETTING', 'EVIL_EYE', 'Skip Act 1']"
515,1773090117,1,3,1,False,IRONCLAD,['MOLTEN_FIST'],"['BATTLE_TRANCE', 'BODY_SLAM', 'Skip Act 1']"
516,1773090117,1,4,1,False,IRONCLAD,['BULLY'],"['JUGGLING', 'ARMAMENTS', 'Skip Act 1']"
517,1773090117,1,7,1,False,IRONCLAD,['SHRUG_IT_OFF'],"['SWORD_BOOMERANG', 'HAVOC', 'Skip Act 1']"
518,1773090117,1,8,1,False,IRONCLAD,['THUNDERCLAP'],"['TWIN_STRIKE', 'ASHEN_STRIKE', 'Skip Act 1']"
519,1773090117,1,9,1,False,IRONCLAD,['SHRUG_IT_OFF'],"['HEMOKINESIS', 'BLOODLETTING', 'Skip Act 1']"
520,1773090117,1,12,1,False,IRONCLAD,['MOLTEN_FIST'],"['HELLRAISER', 'SWORD_BOOMERANG', 'Skip Act 1']"
521,1773090117,1,14,1,False,IRONCLAD,['STAMPEDE'],"['RAMPAGE', 'FORGOTTEN_RITUAL', 'Skip Act 1']"
522,1773090117,1,15,1,False,IRONCLAD,['DOMINATE'],"['STAMPEDE', 'SHRUG_IT_OFF', 'Skip Act 1']"
523,1773704486,1,2,1,False,REGENT,['GUIDING_STAR'],"['TERRAFORMING', 'WROUGHT_IN_WAR', 'Skip Act 1']"
524,1773704486,1,3,1,False,REGENT,['SOLAR_STRIKE'],"['SPOILS_OF_BATTLE', 'GUIDING_STAR', 'Skip Act 1']"
525,1773704486,1,7,1,False,REGENT,['CRASH_LANDING'],"['SUMMON_FORTH', 'HIDDEN_CACHE', 'Skip Act 1']"
526,1773704486,1,9,1,False,REGENT,['I_AM_INVINCIBLE'],"['TERRAFORMING', 'CELESTIAL_MIGHT', 'Skip Act 1']"
527,1773704486,1,12,1,False,REGENT,['BEGONE'],"['CELESTIAL_MIGHT', 'PILLAR_OF_CREATION', 'Skip Act 1']"
528,1773704486,1,13,1,False,REGENT,['PHOTON_CUT'],"['FURNACE', 'HEGEMONY', 'Skip Act 1']"
529,1773704486,1,14,1,False,REGENT,['CLOAK_OF_STARS'],"['SEVEN_STARS', 'WROUGHT_IN_WAR', 'Skip Act 1']"
530,1773704486,1,15,1,False,REGENT,['BEGONE'],"['CELESTIAL_MIGHT', 'SPOILS_OF_BATTLE', 'Skip Act 1']"
531,1773704486,1,17,1,False,REGENT,['TYRANNY'],"['HEIRLOOM_HAMMER', 'FOREGONE_CONCLUSION', 'Skip Act 1']"
532,1773704486,2,19,1,False,REGENT,['COLLISION_COURSE+'],"['CRUSH_UNDER+', 'GATHER_LIGHT', 'Skip Act 2']"
533,1773704486,2,20,1,False,REGENT,['SOLAR_STRIKE+'],"['KNOW_THY_PLACE', 'WROUGHT_IN_WAR', 'Skip Act 2']"
534,1773704486,2,21,1,False,REGENT,['MANIFEST_AUTHORITY'],"['CONVERGENCE', 'GLOW', 'Skip Act 2']"
535,1773704486,2,22,1,False,REGENT,['RESONANCE'],"['REFINE_BLADE+', 'COLLISION_COURSE', 'Skip Act 2']"
536,1773704486,2,24,1,False,REGENT,['BEGONE+'],"['SOLAR_STRIKE', 'WROUGHT_IN_WAR', 'Skip Act 2']"
537,1773704486,2,30,1,False,REGENT,['CHILD_OF_THE_STARS'],"['PROPHESIZE', 'GAMMA_BLAST', 'Skip Act 2']"
538,1773704486,2,31,1,False,REGENT,['MANIFEST_AUTHORITY'],"['DYING_STAR', 'STARDUST', 'Skip Act 2']"
539,1773704486,2,33,1,False,REGENT,['BIG_BANG'],"['SEVEN_STARS', 'FOREGONE_CONCLUSION', 'Skip Act 2']"
540,1773704486,3,35,1,False,REGENT,['CLOAK_OF_STARS+'],"['BEGONE+', 'GLOW+', 'Skip Act 3']"
541,1773704486,3,36,1,False,REGENT,['HIDDEN_CACHE+'],"['PHOTON_CUT', 'GUIDING_STAR+', 'Skip Act 3']"
542,1773704486,3,37,1,False,REGENT,['SUPERMASSIVE+'],"['PILLAR_OF_CREATION', 'CLOAK_OF_STARS', 'Skip Act 3']"
543,1773704486,3,38,1,False,REGENT,['Skip Act 3'],"['GUIDING_STAR', 'WROUGHT_IN_WAR+', 'BLACK_HOLE+']"
544,1775073421,1,2,4,False,IRONCLAD,['POMMEL_STRIKE'],"['TAUNT', 'THUNDERCLAP', 'Skip Act 1']"
545,1775073421,1,3,4,False,IRONCLAD,['DISMANTLE'],"['FORGOTTEN_RITUAL', 'TWIN_STRIKE', 'Skip Act 1']"
546,1775073421,1,4,4,False,IRONCLAD,['BODY_SLAM'],"['PERFECTED_STRIKE', 'THUNDERCLAP', 'Skip Act 1']"
547,1775073421,1,5,4,False,IRONCLAD,['POMMEL_STRIKE'],"['JUGGLING', 'PERFECTED_STRIKE', 'Skip Act 1']"
548,1775073421,1,6,4,False,IRONCLAD,['GRAPPLE'],"['FIGHT_ME', 'HAVOC', 'Skip Act 1']"
549,1775073421,1,7,4,False,IRONCLAD,['TRUE_GRIT'],"['DISMANTLE', 'STAMPEDE', 'Skip Act 1']"
550,1775073421,1,11,4,False,IRONCLAD,['ASHEN_STRIKE'],"['SECOND_WIND', 'ARMAMENTS', 'Skip Act 1']"
551,1775073421,1,14,4,False,IRONCLAD,['VICIOUS'],"['JUGGLING', 'CRIMSON_MANTLE', 'Skip Act 1']"
552,1775073421,1,15,4,False,IRONCLAD,['ANGER'],"['HEMOKINESIS', 'TRUE_GRIT', 'Skip Act 1']"
553,1772768074,1,2,0,False,SILENT,['SUCKER_PUNCH'],"['CLOAK_AND_DAGGER', 'PREPARED', 'Skip Act 1']"
554,1772768074,1,3,0,False,SILENT,['DAGGER_THROW'],"['SKEWER', 'FLECHETTES', 'Skip Act 1']"
555,1772768074,1,4,0,False,SILENT,['EXPOSE'],"['SUCKER_PUNCH', 'SLICE', 'Skip Act 1']"
556,1772768074,1,5,0,False,SILENT,['DASH'],"['EXPOSE', 'PREPARED', 'Skip Act 1']"
557,1772768074,1,6,0,False,SILENT,['NOXIOUS_FUMES'],"['STRANGLE', 'CLOAK_AND_DAGGER', 'Skip Act 1']"
558,1772768074,1,11,0,False,SILENT,['Skip Act 1'],"['LEADING_STRIKE', 'SLICE', 'PREPARED']"
559,1772768074,1,12,0,False,SILENT,['ABRASIVE'],"['DAGGER_THROW', 'FOOTWORK', 'Skip Act 1']"
560,1772768074,1,14,0,False,SILENT,['OUTBREAK'],"['SUCKER_PUNCH', 'UP_MY_SLEEVE', 'Skip Act 1']"
561,1772768074,1,15,0,False,SILENT,['Skip Act 1'],"['SKEWER', 'DODGE_AND_ROLL', 'POISONED_STAB']"
562,1772768074,1,17,0,False,SILENT,['SHADOWMELD'],"['AFTERIMAGE', 'ECHOING_SLASH', 'Skip Act 1']"
563,1772768074,2,19,0,False,SILENT,['Skip Act 2'],"['DAGGER_THROW', 'SUCKER_PUNCH', 'DEFLECT']"
564,1772768074,2,20,0,False,SILENT,['Skip Act 2'],"['OUTBREAK', 'DODGE_AND_ROLL', 'INFINITE_BLADES']"
565,1772768074,2,21,0,False,SILENT,['CALCULATED_GAMBLE'],"['EXPOSE', 'RICOCHET', 'Skip Act 2']"
566,1772768074,2,22,0,False,SILENT,['UP_MY_SLEEVE+'],"['BLUR', 'INFINITE_BLADES', 'Skip Act 2']"
567,1772768074,2,23,0,False,SILENT,['Skip Act 2'],"['CALCULATED_GAMBLE', 'RICOCHET+', 'LEG_SWEEP']"
568,1772768074,2,24,0,False,SILENT,['Skip Act 2'],"['ANTICIPATE', 'BLUR', 'BLADE_DANCE+']"
569,1772768074,2,27,0,False,SILENT,['HAZE'],"['EXPERTISE', 'BLUR', 'Skip Act 2']"
570,1772768074,2,28,0,False,SILENT,['Skip Act 2'],"['AFTERIMAGE', 'NOXIOUS_FUMES', 'SUCKER_PUNCH']"
571,1772768074,2,30,0,False,SILENT,['Skip Act 2'],"['FLECHETTES+', 'DODGE_AND_ROLL+', 'POUNCE']"
572,1772768074,2,31,0,False,SILENT,['HAZE+'],"['POUNCE+', 'EXPERTISE+', 'Skip Act 2']"
573,1774107546,1,2,2,True,IRONCLAD,['ANGER'],"['SETUP_STRIKE', 'ASHEN_STRIKE', 'Skip Act 1']"
574,1774107546,1,3,2,True,IRONCLAD,['WHIRLWIND'],"['THUNDERCLAP', 'BULLY', 'Skip Act 1']"
575,1774107546,1,5,2,True,IRONCLAD,['PERFECTED_STRIKE'],"['RAGE', 'BULLY', 'Skip Act 1']"
576,1774107546,1,7,2,True,IRONCLAD,['HEADBUTT'],"['DARK_EMBRACE', 'ARMAMENTS', 'Skip Act 1']"
577,1774107546,1,11,2,True,IRONCLAD,['HEADBUTT'],"['POMMEL_STRIKE', 'BULLY', 'Skip Act 1']"
578,1774107546,1,12,2,True,IRONCLAD,['UNRELENTING'],"['IRON_WAVE', 'STONE_ARMOR', 'Skip Act 1']"
579,1774107546,1,14,2,True,IRONCLAD,['MANGLE'],"['BRAND', 'BREAKTHROUGH', 'Skip Act 1']"
580,1774107546,1,17,2,True,IRONCLAD,['BRAND'],"['ONE_TWO_PUNCH', 'PACTS_END', 'Skip Act 1']"
581,1774107546,2,19,2,True,IRONCLAD,['Skip Act 2'],"['BLOOD_WALL', 'HEADBUTT', 'BLOODLETTING']"
582,1774107546,2,20,2,True,IRONCLAD,['Skip Act 2'],"['SETUP_STRIKE', 'BLOOD_WALL', 'UNRELENTING']"
583,1774107546,2,21,2,True,IRONCLAD,['CINDER'],"['TWIN_STRIKE', 'MOLTEN_FIST', 'Skip Act 2']"
584,1774107546,2,22,2,True,IRONCLAD,['HAVOC+'],"['PRIMAL_FORCE', 'BLOOD_WALL', 'Skip Act 2']"
585,1774107546,2,24,2,True,IRONCLAD,['BATTLE_TRANCE'],"['SWORD_BOOMERANG', 'BREAKTHROUGH', 'Skip Act 2']"
586,1774107546,2,27,2,True,IRONCLAD,['BLOODLETTING+'],"['HEADBUTT', 'JUGGLING', 'Skip Act 2']"
587,1774107546,2,29,2,True,IRONCLAD,['STAMPEDE+'],"['BODY_SLAM', 'VICIOUS', 'Skip Act 2']"
588,1774107546,2,31,2,True,IRONCLAD,['Skip Act 2'],"['STONE_ARMOR', 'INFERNO', 'BODY_SLAM+']"
589,1774107546,2,33,2,True,IRONCLAD,['ONE_TWO_PUNCH'],"['CRIMSON_MANTLE', 'OFFERING', 'Skip Act 2']"
590,1774107546,3,35,2,True,IRONCLAD,['DRUM_OF_BATTLE'],"['INFERNO+', 'CINDER+', 'Skip Act 3']"
591,1774107546,3,36,2,True,IRONCLAD,['ARMAMENTS+'],"['INFERNAL_BLADE+', 'BLOODLETTING', 'Skip Act 3']"
592,1774107546,3,37,2,True,IRONCLAD,['Skip Act 3'],"['STOMP+', 'SHRUG_IT_OFF', 'HEADBUTT']"
593,1774107546,3,38,2,True,IRONCLAD,['Skip Act 3'],"['BULLY', 'INFERNAL_BLADE', 'TRUE_GRIT']"
594,1774107546,3,39,2,True,IRONCLAD,['HAVOC+'],"['CASCADE', 'STOMP', 'Skip Act 3']"
595,1774107546,3,44,2,True,IRONCLAD,['BULLY+'],"['DEMON_FORM', 'UPPERCUT+', 'Skip Act 3']"
596,1774107546,3,46,2,True,IRONCLAD,['ASHEN_STRIKE+'],"['RAGE+', 'HOWL_FROM_BEYOND+', 'Skip Act 3']"
597,1774043498,1,1,2,False,IRONCLAD,['Skip Act 1'],['SEEKER_STRIKE']
598,1774043498,1,2,2,False,IRONCLAD,['SHRUG_IT_OFF'],"['EVIL_EYE', 'THUNDERCLAP', 'Skip Act 1']"
599,1774043498,1,3,2,False,IRONCLAD,['JUGGLING'],"['PILLAGE', 'TRUE_GRIT', 'Skip Act 1']"
600,1774043498,1,4,2,False,IRONCLAD,['FEEL_NO_PAIN'],"['ARMAMENTS', 'BULLY', 'Skip Act 1']"
601,1774043498,1,5,2,False,IRONCLAD,['PACTS_END'],"['BREAKTHROUGH', 'CINDER', 'Skip Act 1']"
602,1774043498,1,6,2,False,IRONCLAD,['Skip Act 1'],"['BLOOD_WALL', 'TAUNT', 'ARMAMENTS']"
603,1774043498,1,7,2,False,IRONCLAD,['CINDER'],"['SPITE', 'SWORD_BOOMERANG', 'Skip Act 1']"
604,1774043498,1,12,2,False,IRONCLAD,['BARRICADE'],"['SETUP_STRIKE+', 'BODY_SLAM+', 'Skip Act 1']"
605,1774043498,1,13,2,False,IRONCLAD,['CINDER+'],"['THUNDERCLAP+', 'TWIN_STRIKE+', 'Skip Act 1']"
606,1774474132,1,2,2,False,REGENT,['COSMIC_INDIFFERENCE'],"['CLOAK_OF_STARS', 'ASTRAL_PULSE', 'Skip Act 1']"
607,1774474132,1,4,2,False,REGENT,['CRUSH_UNDER'],"['PILLAR_OF_CREATION', 'CRESCENT_SPEAR', 'Skip Act 1']"
608,1774474132,1,5,2,False,REGENT,['SPOILS_OF_BATTLE'],"['CHILD_OF_THE_STARS', 'GLOW', 'Skip Act 1']"
609,1774474132,1,7,2,False,REGENT,['CHARGE+'],"['TYRANNY', 'TERRAFORMING+', 'Skip Act 1']"
610,1774474132,1,8,2,False,REGENT,['PATTER+'],"['FURNACE', 'RADIATE', 'Skip Act 1']"
611,1774474132,1,12,2,False,REGENT,['PATTER+'],"['KNOCKOUT_BLOW', 'BEGONE', 'Skip Act 1']"
612,1774474132,1,13,2,False,REGENT,['GENESIS'],"['CELESTIAL_MIGHT', 'CRESCENT_SPEAR', 'Skip Act 1']"
613,1774474132,1,14,2,False,REGENT,['SPECTRUM_SHIFT'],"['CHARGE+', 'SOLAR_STRIKE', 'Skip Act 1']"
614,1774474132,1,15,2,False,REGENT,['GUARDS+'],"['BOMBARDMENT', 'GATHER_LIGHT+', 'Skip Act 1']"
615,1775066993,1,2,4,False,IRONCLAD,['SECOND_WIND'],"['CINDER', 'DRUM_OF_BATTLE', 'Skip Act 1']"
616,1775066993,1,3,4,False,IRONCLAD,['CINDER'],"['RAGE', 'HEADBUTT', 'Skip Act 1']"
617,1775066993,1,4,4,False,IRONCLAD,['BATTLE_TRANCE'],"['MOLTEN_FIST', 'STOMP', 'Skip Act 1']"
618,1775066993,1,5,4,False,IRONCLAD,['Skip Act 1'],"['MOLTEN_FIST', 'BREAKTHROUGH', 'DISMANTLE']"
619,1775066993,1,12,4,False,IRONCLAD,['Skip Act 1'],"['UNRELENTING', 'MOLTEN_FIST', 'BLOODLETTING']"
620,1775066993,1,14,4,False,IRONCLAD,['Skip Act 1'],"['BLOOD_WALL', 'UNRELENTING', 'SETUP_STRIKE']"
621,1775066993,1,15,4,False,IRONCLAD,['Skip Act 1'],"['SWORD_BOOMERANG', 'STONE_ARMOR', 'THUNDERCLAP']"
622,1772832264,1,2,0,False,REGENT,['PHOTON_CUT'],"['ASTRAL_PULSE', 'BLACK_HOLE', 'Skip Act 1']"
623,1772832264,1,3,0,False,REGENT,['GLOW'],"['ASTRAL_PULSE', 'COLLISION_COURSE', 'Skip Act 1']"
624,1772832264,1,4,0,False,REGENT,['HIDDEN_CACHE'],"['ASTRAL_PULSE', 'ORBIT', 'Skip Act 1']"
625,1772832264,1,5,0,False,REGENT,['CLOAK_OF_STARS'],"['COLLISION_COURSE', 'REFINE_BLADE', 'Skip Act 1']"
626,1772832264,1,7,0,False,REGENT,['CRUSH_UNDER'],"['ORBIT', 'GUIDING_STAR', 'Skip Act 1']"
627,1772832264,1,9,0,False,REGENT,['REFINE_BLADE'],"['BLACK_HOLE', 'ROYALTIES', 'Skip Act 1']"
628,1772832264,1,14,0,False,REGENT,['GLITTERSTREAM'],"['CONQUEROR', 'CRUSH_UNDER', 'Skip Act 1']"
629,1772832264,1,15,0,False,REGENT,['CLOAK_OF_STARS'],"['REFINE_BLADE', 'COLLISION_COURSE', 'Skip Act 1']"
630,1773007503,1,2,0,False,NECROBINDER,['FEAR'],"['PULL_FROM_BELOW', 'POKE', 'Skip Act 1']"
631,1773007503,1,4,0,False,NECROBINDER,['REAVE'],"['PAGESTORM', 'SNAP', 'Skip Act 1']"
632,1773007503,1,5,0,False,NECROBINDER,['TRANSFIGURE'],"['WISP', 'REAVE', 'Skip Act 1']"
633,1773007503,1,6,0,False,NECROBINDER,['DRAIN_POWER'],"['RATTLE', 'SENTRY_MODE', 'Skip Act 1']"
634,1773007503,1,11,0,False,NECROBINDER,['WISP'],"['SNAP', 'DRAIN_POWER', 'Skip Act 1']"
635,1773007503,1,15,0,False,NECROBINDER,['POKE'],"['BLIGHT_STRIKE', 'SOW', 'Skip Act 1']"
636,1773007503,1,17,0,False,NECROBINDER,['REAPER_FORM'],"['ERADICATE', 'SQUEEZE', 'Skip Act 1']"
637,1773007503,2,19,0,False,NECROBINDER,['PAGESTORM'],"['SNAP', 'WISP', 'Skip Act 2']"
638,1773007503,2,21,0,False,NECROBINDER,['DEATHS_DOOR'],"['SHROUD', 'LETHALITY+', 'Skip Act 2']"
639,1773007503,2,22,0,False,NECROBINDER,['POKE'],"['SEVERANCE', 'SOW', 'Skip Act 2']"
640,1773007503,2,24,0,False,NECROBINDER,['PULL_FROM_BELOW'],"['BORROWED_TIME', 'GRAVE_WARDEN', 'Skip Act 2']"
641,1773007503,2,25,0,False,NECROBINDER,['FETCH'],"['HAUNT+', 'FEAR', 'Skip Act 2']"
642,1772740352,1,1,0,False,IRONCLAD,['SETUP_STRIKE'],"['TREMBLE', 'BLOOD_WALL', 'Skip Act 1']"
643,1772740352,1,2,0,False,IRONCLAD,['INFLAME'],"['BREAKTHROUGH', 'ANGER', 'Skip Act 1']"
644,1772740352,1,3,0,False,IRONCLAD,['IRON_WAVE'],"['DISMANTLE', 'CINDER', 'Skip Act 1']"
645,1772740352,1,4,0,False,IRONCLAD,['SHRUG_IT_OFF'],"['STOMP', 'ARMAMENTS', 'Skip Act 1']"
646,1772740352,1,5,0,False,IRONCLAD,['SETUP_STRIKE'],"['THUNDERCLAP', 'RAGE', 'Skip Act 1']"
647,1772740352,1,8,0,False,IRONCLAD,['PYRE'],"['BLUDGEON', 'EVIL_EYE', 'Skip Act 1']"
648,1772740352,1,12,0,False,IRONCLAD,['BATTLE_TRANCE'],"['TRUE_GRIT', 'UPPERCUT', 'Skip Act 1']"
649,1772740352,1,13,0,False,IRONCLAD,['TREMBLE'],"['BLOODLETTING', 'WHIRLWIND', 'Skip Act 1']"
650,1772740352,1,15,0,False,IRONCLAD,['FLAME_BARRIER'],"['PILLAGE', 'RAMPAGE', 'Skip Act 1']"
651,1772740352,1,17,0,False,IRONCLAD,['THRASH'],"['PRIMAL_FORCE', 'DEMON_FORM', 'Skip Act 1']"
652,1772740352,2,19,0,False,IRONCLAD,['EVIL_EYE+'],"['TWIN_STRIKE', 'TREMBLE+', 'Skip Act 2']"
653,1772740352,2,21,0,False,IRONCLAD,['BULLY+'],"['TRUE_GRIT', 'STONE_ARMOR', 'Skip Act 2']"
654,1772740352,2,22,0,False,IRONCLAD,['POMMEL_STRIKE'],"['SWORD_BOOMERANG', 'ARMAMENTS', 'Skip Act 2']"
655,1772740352,2,23,0,False,IRONCLAD,['SHRUG_IT_OFF'],"['HAVOC+', 'IRON_WAVE', 'Skip Act 2']"
656,1772740352,2,28,0,False,IRONCLAD,['Skip Act 2'],"['BREAKTHROUGH', 'BODY_SLAM', 'DISMANTLE']"
657,1772740352,2,31,0,False,IRONCLAD,['BLUDGEON'],"['SETUP_STRIKE', 'TREMBLE', 'Skip Act 2']"
658,1772740352,2,33,0,False,IRONCLAD,['DARK_EMBRACE'],"['JUGGERNAUT', 'FEED', 'Skip Act 2']"
659,1772740352,3,35,0,False,IRONCLAD,['TREMBLE+'],"['POMMEL_STRIKE+', 'IRON_WAVE+', 'Skip Act 3']"
660,1772740352,3,36,0,False,IRONCLAD,['BLUDGEON'],"['STAMPEDE', 'TREMBLE', 'Skip Act 3']"
661,1772740352,3,37,0,False,IRONCLAD,['PILLAGE'],"['SETUP_STRIKE', 'SWORD_BOOMERANG+', 'Skip Act 3']"
662,1772740352,3,38,0,False,IRONCLAD,['ONE_TWO_PUNCH'],"['TWIN_STRIKE', 'FORGOTTEN_RITUAL', 'Skip Act 3']"
663,1772740352,3,42,0,False,IRONCLAD,['Skip Act 3'],"['SPITE', 'BODY_SLAM+', 'TREMBLE+']"
664,1772740352,3,44,0,False,IRONCLAD,['Skip Act 3'],"['FEED', 'FORGOTTEN_RITUAL', 'BREAKTHROUGH']"
